#{"env_id": "DeepmindLabNavMazeStatic01-v0", "t_start": 1568527277.3772702}
r,l,t
2.0,225,96.479253
1.0,225,180.486021
3.0,225,264.956106
2.0,225,349.457929
2.0,225,433.62876
1.0,225,517.962956
2.0,225,602.783199
2.0,225,687.719527
0.0,225,771.579922
0.0,225,856.404442
2.0,225,941.105065
2.0,225,1025.592561
2.0,225,1110.173324
2.0,225,1195.245009
1.0,225,1279.689924
1.0,225,1364.773471
2.0,225,1450.531926
0.0,225,1535.43194
3.0,225,1620.334469
0.0,225,1705.153999
