#{"env_id": "DeepmindLabNavMazeStatic01-v0", "t_start": 1568527277.39103}
r,l,t
2.0,225,96.484632
1.0,225,180.460811
0.0,225,264.941826
2.0,225,349.401503
3.0,225,433.632119
2.0,225,517.93876
0.0,225,602.780082
2.0,225,687.711059
2.0,225,771.573395
3.0,225,856.395927
2.0,225,941.098303
1.0,225,1025.576522
0.0,225,1110.16116
11.0,225,1195.23775
3.0,225,1279.681538
0.0,225,1364.75482
1.0,225,1450.504318
3.0,225,1535.41074
0.0,225,1620.324335
3.0,225,1705.144749
