#{"env_id": "DeepmindLabNavMazeStatic01-v0", "t_start": 1568527277.4064903}
r,l,t
3.0,225,96.458803
1.0,225,180.446472
0.0,225,264.945174
1.0,225,349.385034
1.0,225,433.597537
1.0,225,517.926358
1.0,225,602.767046
0.0,225,687.697306
1.0,225,771.55597
2.0,225,856.378328
13.0,225,941.076395
1.0,225,1025.564641
1.0,225,1110.150458
2.0,225,1195.221497
3.0,225,1279.661061
0.0,225,1364.738131
2.0,225,1450.490381
3.0,225,1535.409031
1.0,225,1620.305604
3.0,225,1705.124804
