#{"env_id": "DeepmindLabNavMazeStatic01-v0", "t_start": 1568527277.4174056}
r,l,t
3.0,225,96.450306
3.0,225,180.444087
1.0,225,264.918448
2.0,225,349.379494
2.0,225,433.59408
3.0,225,517.907843
3.0,225,602.754756
2.0,225,687.706842
2.0,225,771.533673
3.0,225,856.372874
15.0,225,941.117203
3.0,225,1025.554427
2.0,225,1110.129821
3.0,225,1195.204872
3.0,225,1279.643317
3.0,225,1364.733285
0.0,225,1450.482626
0.0,225,1535.393056
2.0,225,1620.289694
1.0,225,1705.119596
