#{"env_id": "DeepmindLabNavMazeStatic01-v0", "t_start": 1568527277.4316008}
r,l,t
0.0,225,96.432217
3.0,225,180.422084
0.0,225,264.903829
2.0,225,349.362463
0.0,225,433.575667
11.0,225,517.903504
3.0,225,602.7414
2.0,225,687.673088
0.0,225,771.540655
1.0,225,856.355908
1.0,225,941.056981
0.0,225,1025.558425
3.0,225,1110.121052
2.0,225,1195.220674
2.0,225,1279.652654
2.0,225,1364.718091
1.0,225,1450.467124
1.0,225,1535.372382
1.0,225,1620.276473
2.0,225,1705.097806
