#{"env_id": "DeepmindLabNavMazeStatic01-v0", "t_start": 1568527277.4489994}
r,l,t
3.0,225,96.415749
2.0,225,180.405984
11.0,225,264.894438
2.0,225,349.348216
1.0,225,433.564898
2.0,225,517.886028
10.0,225,602.71987
0.0,225,687.652437
12.0,225,771.507982
1.0,225,856.347816
2.0,225,941.05378
0.0,225,1025.526102
2.0,225,1110.103724
3.0,225,1195.173323
3.0,225,1279.613024
2.0,225,1364.699176
0.0,225,1450.448825
2.0,225,1535.355348
2.0,225,1620.270973
1.0,225,1705.103452
