#{"env_id": "DeepmindLabNavMazeStatic01-v0", "t_start": 1568527277.464143}
r,l,t
1.0,225,96.411484
3.0,225,180.385608
0.0,225,264.866996
13.0,225,349.32862
2.0,225,433.557611
2.0,225,517.864494
10.0,225,602.701378
4.0,225,687.653876
1.0,225,771.488316
3.0,225,856.324084
0.0,225,941.017945
0.0,225,1025.502248
3.0,225,1110.091346
2.0,225,1195.166046
0.0,225,1279.594623
3.0,225,1364.692619
1.0,225,1450.427899
2.0,225,1535.335273
4.0,225,1620.246896
0.0,225,1705.06612
