#{"env_id": "DeepmindLabNavMazeStatic01-v0", "t_start": 1568527277.4798493}
r,l,t
2.0,225,96.382807
2.0,225,180.384757
2.0,225,264.853509
1.0,225,349.315804
2.0,225,433.525542
3.0,225,517.851129
0.0,225,602.696666
2.0,225,687.629683
1.0,225,771.478043
3.0,225,856.308557
0.0,225,941.003091
1.0,225,1025.516308
2.0,225,1110.08976
0.0,225,1195.14658
1.0,225,1279.586148
2.0,225,1364.666703
3.0,225,1450.417755
3.0,225,1535.325188
3.0,225,1620.235112
0.0,225,1705.051812
