#{"env_id": "DeepmindLabNavMazeStatic01-v0", "t_start": 1568527277.4944}
r,l,t
0.0,225,96.36345
2.0,225,180.359599
3.0,225,264.845869
0.0,225,349.299592
1.0,225,433.526362
3.0,225,517.838092
2.0,225,602.678583
1.0,225,687.617611
0.0,225,771.470183
0.0,225,856.292049
2.0,225,940.991026
3.0,225,1025.476201
2.0,225,1110.073207
3.0,225,1195.131927
12.0,225,1279.570894
1.0,225,1364.649405
2.0,225,1450.404538
1.0,225,1535.318777
3.0,225,1620.215769
2.0,225,1705.033561
