#{"env_id": "DeepmindLabNavMazeStatic01-v0", "t_start": 1568527277.5106642}
r,l,t
1.0,225,96.355843
1.0,225,180.343312
1.0,225,264.844486
3.0,225,349.282271
2.0,225,433.496505
12.0,225,517.817499
1.0,225,602.664278
1.0,225,687.605067
3.0,225,771.44298
0.0,225,856.273683
0.0,225,940.975572
2.0,225,1025.454007
2.0,225,1110.044151
12.0,225,1195.112006
12.0,225,1279.552574
2.0,225,1364.63762
2.0,225,1450.387401
0.0,225,1535.297313
3.0,225,1620.202916
12.0,225,1705.022091
