#{"env_id": "DeepmindLabNavMazeStatic01-v0", "t_start": 1568527277.5243304}
r,l,t
2.0,225,96.339413
1.0,225,180.334368
3.0,225,264.81602
2.0,225,349.285161
3.0,225,433.480924
2.0,225,517.808307
1.0,225,602.643533
2.0,225,687.578888
2.0,225,771.431271
1.0,225,856.258714
0.0,225,940.957757
0.0,225,1025.440878
0.0,225,1110.030979
1.0,225,1195.098131
1.0,225,1279.543447
3.0,225,1364.620831
2.0,225,1450.376517
4.0,225,1535.280968
0.0,225,1620.182765
3.0,225,1705.00893
