#{"env_id": "DeepmindLabNavMazeStatic01-v0", "t_start": 1568527279.0027366}
r,l,t
0.0,225,95.215018
3.0,225,179.15071
0.0,225,263.638112
1.0,225,348.049596
0.0,225,432.368497
1.0,225,516.625636
0.0,225,601.460766
3.0,225,686.431943
2.0,225,770.2513
11.0,225,855.083563
0.0,225,939.81833
0.0,225,1024.275894
11.0,225,1108.846846
2.0,225,1193.914104
2.0,225,1278.354085
0.0,225,1363.430272
2.0,225,1449.196048
1.0,225,1534.006148
0.0,225,1618.99037
0.0,225,1703.825772
