#{"env_id": "DeepmindLabNavMazeStatic01-v0", "t_start": 1568527279.0173726}
r,l,t
0.0,225,95.213146
2.0,225,179.139736
1.0,225,263.615134
1.0,225,348.087453
0.0,225,432.326807
2.0,225,516.617866
2.0,225,601.455415
2.0,225,686.399416
3.0,225,770.232731
1.0,225,855.067529
0.0,225,939.792905
1.0,225,1024.296653
1.0,225,1108.832355
0.0,225,1193.899816
0.0,225,1278.34618
2.0,225,1363.423913
1.0,225,1449.171248
2.0,225,1533.99767
0.0,225,1618.989122
2.0,225,1703.812208
