#{"env_id": "DeepmindLabNavMazeStatic01-v0", "t_start": 1568527279.0343757}
r,l,t
2.0,225,95.177119
2.0,225,179.11812
3.0,225,263.600341
1.0,225,348.054581
3.0,225,432.280113
0.0,225,516.601895
1.0,225,601.443003
3.0,225,686.346879
2.0,225,770.223207
2.0,225,855.055827
2.0,225,939.8118
10.0,225,1024.223171
3.0,225,1108.823093
12.0,225,1193.888479
0.0,225,1278.334602
2.0,225,1363.416174
2.0,225,1449.155325
2.0,225,1534.039627
3.0,225,1618.967847
3.0,225,1703.809329
