#{"env_id": "DeepmindLabNavMazeStatic01-v0", "t_start": 1568527279.0541093}
r,l,t
0.0,225,95.15859
2.0,225,179.101521
3.0,225,263.583438
1.0,225,347.990297
2.0,225,432.308854
1.0,225,516.581784
0.0,225,601.421851
0.0,225,686.331669
3.0,225,770.211966
11.0,225,855.0349
3.0,225,939.768734
0.0,225,1024.275018
1.0,225,1108.805468
0.0,225,1193.864523
3.0,225,1278.30891
0.0,225,1363.390518
0.0,225,1449.145133
2.0,225,1534.060083
13.0,225,1618.953973
0.0,225,1703.775727
