#{"env_id": "DeepmindLabNavMazeStatic01-v0", "t_start": 1568527279.0677783}
r,l,t
2.0,225,95.160644
2.0,225,179.092577
2.0,225,263.570701
0.0,225,348.017231
0.0,225,432.250941
4.0,225,516.581975
3.0,225,601.417038
3.0,225,686.393973
2.0,225,770.206261
1.0,225,855.027475
3.0,225,939.741811
1.0,225,1024.103162
1.0,225,1108.795364
2.0,225,1193.849518
2.0,225,1278.303188
3.0,225,1363.397571
2.0,225,1449.133724
0.0,225,1534.014922
2.0,225,1618.945433
3.0,225,1703.790569
