#{"env_id": "DeepmindLabNavMazeStatic01-v0", "t_start": 1568527279.0893211}
r,l,t
0.0,225,95.058002
0.0,225,179.076483
2.0,225,263.556756
3.0,225,347.964708
2.0,225,432.238179
3.0,225,516.557565
3.0,225,601.395399
2.0,225,686.344613
3.0,225,770.183342
2.0,225,855.010264
2.0,225,939.756856
1.0,225,1024.196298
2.0,225,1108.771159
0.0,225,1193.841787
1.0,225,1278.288969
1.0,225,1363.364226
1.0,225,1449.107666
2.0,225,1534.005161
0.0,225,1618.923357
2.0,225,1703.736355
