#{"env_id": "DeepmindLabNavMazeStatic01-v0", "t_start": 1568527279.102902}
r,l,t
2.0,225,95.074199
2.0,225,179.066932
3.0,225,263.544851
1.0,225,347.947361
1.0,225,432.242028
2.0,225,516.550898
0.0,225,601.381061
11.0,225,686.244533
1.0,225,770.171135
0.0,225,855.006247
2.0,225,939.728411
0.0,225,1024.05914
0.0,225,1108.763902
2.0,225,1193.829265
2.0,225,1278.275723
2.0,225,1363.377553
2.0,225,1449.103173
13.0,225,1533.975976
3.0,225,1618.927145
1.0,225,1703.742261
