#{"env_id": "DeepmindLabNavMazeStatic01-v0", "t_start": 1568527279.1206489}
r,l,t
1.0,225,94.999483
2.0,225,179.04598
0.0,225,263.529373
1.0,225,347.998597
2.0,225,432.225453
2.0,225,516.53698
0.0,225,601.368651
1.0,225,686.224751
0.0,225,770.152416
1.0,225,854.977703
1.0,225,939.73044
3.0,225,1024.089275
2.0,225,1108.748175
10.0,225,1193.817213
3.0,225,1278.259158
0.0,225,1363.322333
1.0,225,1449.080082
2.0,225,1534.012016
3.0,225,1618.903531
0.0,225,1703.718341
