#{"env_id": "DeepmindLabNavMazeStatic01-v0", "t_start": 1568527279.1374116}
r,l,t
0.0,225,94.986986
2.0,225,179.032219
3.0,225,263.526157
2.0,225,347.985956
3.0,225,432.246983
0.0,225,516.527096
11.0,225,601.363867
2.0,225,686.21309
0.0,225,770.149623
0.0,225,854.965901
0.0,225,939.686453
2.0,225,1024.061582
3.0,225,1108.738269
3.0,225,1193.798086
3.0,225,1278.249109
3.0,225,1363.343572
2.0,225,1449.077469
2.0,225,1533.974041
0.0,225,1618.902774
1.0,225,1703.722999
