#{"env_id": "DeepmindLabNavMazeStatic01-v0", "t_start": 1568527279.1518486}
r,l,t
0.0,225,95.017043
2.0,225,179.032758
3.0,225,263.505033
2.0,225,347.928087
1.0,225,432.193835
2.0,225,516.513281
1.0,225,601.349813
3.0,225,686.27
2.0,225,770.12954
1.0,225,854.946739
0.0,225,939.676645
1.0,225,1024.088658
12.0,225,1108.722831
2.0,225,1193.801617
2.0,225,1278.237098
3.0,225,1363.329135
1.0,225,1449.052309
2.0,225,1533.982295
13.0,225,1618.859386
21.0,225,1703.734197
