#{"env_id": "DeepmindLabNavMazeStatic01-v0", "t_start": 1568527277.5398562}
r,l,t
0.0,225,96.318037
1.0,225,180.316513
3.0,225,264.796824
1.0,225,349.250239
3.0,225,433.468293
0.0,225,517.788325
3.0,225,602.626157
2.0,225,687.56987
0.0,225,771.420125
3.0,225,856.24668
12.0,225,940.96404
1.0,225,1025.421599
3.0,225,1110.018641
3.0,225,1195.083359
0.0,225,1279.528873
3.0,225,1364.616174
3.0,225,1450.358433
1.0,225,1535.26744
1.0,225,1620.176434
2.0,225,1704.995546
