#{"env_id": "DeepmindLabNavMazeStatic01-v0", "t_start": 1568527279.1714234}
r,l,t
1.0,225,95.046308
3.0,225,179.009112
4.0,225,263.497693
0.0,225,347.95979
10.0,225,432.162936
3.0,225,516.504292
3.0,225,601.340964
2.0,225,686.238377
11.0,225,770.105102
3.0,225,854.936151
12.0,225,939.643825
2.0,225,1024.075857
1.0,225,1108.710214
5.0,225,1193.783592
3.0,225,1278.21728
3.0,225,1363.309084
2.0,225,1449.062957
12.0,225,1533.975574
1.0,225,1618.858445
3.0,225,1703.721138
