#{"env_id": "DeepmindLabNavMazeStatic01-v0", "t_start": 1568527279.1863754}
r,l,t
0.0,225,94.978845
0.0,225,178.997233
1.0,225,263.483965
1.0,225,347.939865
2.0,225,432.164994
3.0,225,516.480076
2.0,225,601.315368
3.0,225,686.271448
3.0,225,770.102312
1.0,225,854.930995
2.0,225,939.614292
0.0,225,1024.010351
0.0,225,1108.697246
0.0,225,1193.773298
0.0,225,1278.204074
3.0,225,1363.278974
2.0,225,1449.033578
3.0,225,1533.9467
0.0,225,1618.849896
0.0,225,1703.689868
