#{"env_id": "DeepmindLabNavMazeStatic01-v0", "t_start": 1568527279.2018747}
r,l,t
3.0,225,95.00186
2.0,225,178.98372
2.0,225,263.470438
0.0,225,347.923892
0.0,225,432.172839
3.0,225,516.469744
2.0,225,601.30212
1.0,225,686.155101
2.0,225,770.09409
1.0,225,854.921479
0.0,225,939.601626
2.0,225,1024.023953
2.0,225,1108.672417
3.0,225,1193.760815
12.0,225,1278.191475
0.0,225,1363.263993
2.0,225,1449.032119
1.0,225,1533.926982
1.0,225,1618.836207
0.0,225,1703.694037
