#{"env_id": "DeepmindLabNavMazeStatic01-v0", "t_start": 1568527279.218238}
r,l,t
2.0,225,94.965454
0.0,225,178.979011
2.0,225,263.455676
1.0,225,347.899467
0.0,225,432.143859
0.0,225,516.450202
3.0,225,601.301701
1.0,225,686.130947
1.0,225,770.067262
3.0,225,854.908227
3.0,225,939.612564
0.0,225,1023.927789
3.0,225,1108.674308
2.0,225,1193.749285
13.0,225,1278.179281
0.0,225,1363.248991
2.0,225,1449.028551
0.0,225,1533.910344
0.0,225,1618.829435
2.0,225,1703.674094
