#{"env_id": "DeepmindLabNavMazeStatic01-v0", "t_start": 1568527279.2372475}
r,l,t
0.0,225,94.936057
0.0,225,178.95675
1.0,225,263.438086
2.0,225,347.886887
1.0,225,432.134512
2.0,225,516.439095
1.0,225,601.270153
0.0,225,686.125666
3.0,225,770.059893
2.0,225,854.892131
13.0,225,939.58808
0.0,225,1023.992777
12.0,225,1108.652512
0.0,225,1193.722426
2.0,225,1278.161734
1.0,225,1363.249835
3.0,225,1448.978506
2.0,225,1533.905773
2.0,225,1618.810499
0.0,225,1703.66361
