#{"env_id": "DeepmindLabNavMazeStatic01-v0", "t_start": 1568527279.2543602}
r,l,t
0.0,225,94.877779
3.0,225,178.944624
0.0,225,263.433847
1.0,225,347.864503
3.0,225,432.103016
3.0,225,516.420022
2.0,225,601.260175
3.0,225,686.12668
3.0,225,770.042034
2.0,225,854.876998
11.0,225,939.577185
13.0,225,1023.934295
1.0,225,1108.643804
2.0,225,1193.708879
3.0,225,1278.155544
3.0,225,1363.239225
0.0,225,1448.998825
1.0,225,1533.893297
2.0,225,1618.786601
3.0,225,1703.617855
