#{"env_id": "DeepmindLabNavMazeStatic01-v0", "t_start": 1568527279.2685423}
r,l,t
0.0,225,94.88952
12.0,225,178.930949
3.0,225,263.414066
1.0,225,347.852654
11.0,225,432.080046
2.0,225,516.407619
1.0,225,601.249686
3.0,225,686.118306
2.0,225,770.043953
3.0,225,854.874718
3.0,225,939.514842
2.0,225,1023.916366
0.0,225,1108.626585
2.0,225,1193.691196
2.0,225,1278.144097
1.0,225,1363.222952
1.0,225,1448.965019
3.0,225,1533.866032
3.0,225,1618.787503
2.0,225,1703.608768
