#{"env_id": "DeepmindLabNavMazeStatic01-v0", "t_start": 1568527279.2854302}
r,l,t
0.0,225,94.819947
2.0,225,178.919825
0.0,225,263.398031
0.0,225,347.849487
0.0,225,432.007454
3.0,225,516.391162
0.0,225,601.241897
1.0,225,686.107408
2.0,225,770.025586
3.0,225,854.852691
2.0,225,939.477076
11.0,225,1023.949227
0.0,225,1108.615983
2.0,225,1193.680882
2.0,225,1278.127018
2.0,225,1363.210475
1.0,225,1448.954632
3.0,225,1533.868105
1.0,225,1618.782654
1.0,225,1703.590717
