#{"env_id": "DeepmindLabNavMazeStatic01-v0", "t_start": 1568527279.3013983}
r,l,t
0.0,225,94.827051
12.0,225,178.917294
3.0,225,263.382616
2.0,225,347.834894
3.0,225,432.049681
10.0,225,516.383745
2.0,225,601.222921
2.0,225,686.082785
3.0,225,770.01328
0.0,225,854.837136
2.0,225,939.463869
1.0,225,1023.920664
2.0,225,1108.596962
3.0,225,1193.665999
1.0,225,1278.120294
3.0,225,1363.194318
1.0,225,1448.9318
2.0,225,1533.856921
0.0,225,1618.752227
3.0,225,1703.594053
