#{"env_id": "DeepmindLabNavMazeStatic01-v0", "t_start": 1568527279.3207808}
r,l,t
0.0,225,94.843324
3.0,225,178.891932
1.0,225,263.358896
1.0,225,347.828781
3.0,225,431.992086
3.0,225,516.370729
13.0,225,601.204638
12.0,225,686.078158
2.0,225,769.995591
1.0,225,854.819402
0.0,225,939.440926
3.0,225,1023.927365
1.0,225,1108.584662
13.0,225,1193.656772
11.0,225,1278.098126
3.0,225,1363.186794
3.0,225,1448.912299
4.0,225,1533.835243
3.0,225,1618.734776
2.0,225,1703.541915
