#{"env_id": "DeepmindLabNavMazeStatic01-v0", "t_start": 1568527277.5566657}
r,l,t
12.0,225,96.30884
1.0,225,180.301232
0.0,225,264.780722
2.0,225,349.23477
0.0,225,433.454668
2.0,225,517.771971
2.0,225,602.61471
2.0,225,687.541152
2.0,225,771.414681
0.0,225,856.234833
2.0,225,940.941313
2.0,225,1025.435323
1.0,225,1109.997733
2.0,225,1195.067888
1.0,225,1279.510965
12.0,225,1364.588542
2.0,225,1450.342714
3.0,225,1535.253508
0.0,225,1620.171232
1.0,225,1704.976386
