#{"env_id": "DeepmindLabNavMazeStatic01-v0", "t_start": 1568527279.3374364}
r,l,t
0.0,225,94.765694
3.0,225,178.870796
3.0,225,263.353156
0.0,225,347.818268
1.0,225,431.957937
1.0,225,516.361812
1.0,225,601.192649
3.0,225,686.063215
3.0,225,769.984046
3.0,225,854.807888
2.0,225,939.432501
0.0,225,1023.922387
13.0,225,1108.583953
2.0,225,1193.638649
1.0,225,1278.082544
3.0,225,1363.16683
0.0,225,1448.908092
1.0,225,1533.825371
1.0,225,1618.729034
3.0,225,1703.525107
