#{"env_id": "DeepmindLabNavMazeStatic01-v0", "t_start": 1568527279.3525863}
r,l,t
1.0,225,94.777007
0.0,225,178.857295
3.0,225,263.339856
1.0,225,347.801632
2.0,225,431.937851
13.0,225,516.352252
0.0,225,601.181891
3.0,225,686.070851
3.0,225,769.962364
1.0,225,854.790358
2.0,225,939.399356
2.0,225,1023.865126
12.0,225,1108.571241
2.0,225,1193.623343
2.0,225,1278.063591
2.0,225,1363.15823
0.0,225,1448.893558
0.0,225,1533.807494
3.0,225,1618.708761
3.0,225,1703.517317
