#{"env_id": "DeepmindLabNavMazeStatic01-v0", "t_start": 1568527279.3695996}
r,l,t
0.0,225,94.746911
0.0,225,178.846706
1.0,225,263.329552
11.0,225,347.795067
2.0,225,431.971261
1.0,225,516.336998
3.0,225,601.171541
2.0,225,686.092712
3.0,225,769.958877
1.0,225,854.773415
3.0,225,939.401508
2.0,225,1023.897101
12.0,225,1108.551002
3.0,225,1193.625888
0.0,225,1278.059519
3.0,225,1363.136576
3.0,225,1448.869947
11.0,225,1533.794636
15.0,225,1618.69287
1.0,225,1703.523112
