#{"env_id": "DeepmindLabNavMazeStatic01-v0", "t_start": 1568527279.390691}
r,l,t
0.0,225,94.72704
0.0,225,178.836318
0.0,225,263.316396
3.0,225,347.7651
2.0,225,431.917802
1.0,225,516.315665
3.0,225,601.150877
2.0,225,686.064067
13.0,225,769.934474
2.0,225,854.76475
0.0,225,939.361077
3.0,225,1023.867755
13.0,225,1108.530698
1.0,225,1193.610096
3.0,225,1278.040355
0.0,225,1363.120686
2.0,225,1448.856131
3.0,225,1533.782234
2.0,225,1618.68733
14.0,225,1703.486708
