#{"env_id": "DeepmindLabNavMazeStatic01-v0", "t_start": 1568527279.40519}
r,l,t
0.0,225,94.787143
1.0,225,178.81881
12.0,225,263.306351
2.0,225,347.75719
1.0,225,431.919822
1.0,225,516.304307
0.0,225,601.140442
1.0,225,686.057767
2.0,225,769.923744
1.0,225,854.746317
2.0,225,939.34964
1.0,225,1023.893289
10.0,225,1108.520767
3.0,225,1193.582198
0.0,225,1278.023471
2.0,225,1363.111764
1.0,225,1448.845355
2.0,225,1533.76783
2.0,225,1618.668683
1.0,225,1703.486415
