#{"env_id": "DeepmindLabNavMazeStatic01-v0", "t_start": 1568527279.424536}
r,l,t
0.0,225,94.667531
0.0,225,178.797942
0.0,225,263.285385
2.0,225,347.74184
0.0,225,431.911794
0.0,225,516.281532
3.0,225,601.122146
0.0,225,686.014218
2.0,225,769.905904
13.0,225,854.73595
2.0,225,939.3608
14.0,225,1023.89922
14.0,225,1108.503515
0.0,225,1193.579103
3.0,225,1278.010125
0.0,225,1363.095903
1.0,225,1448.841668
3.0,225,1533.749582
2.0,225,1618.653188
0.0,225,1703.474463
