#{"env_id": "DeepmindLabNavMazeStatic01-v0", "t_start": 1568527279.438181}
r,l,t
2.0,225,94.746874
2.0,225,178.791411
2.0,225,263.272387
3.0,225,347.720582
1.0,225,431.934321
1.0,225,516.27652
2.0,225,601.108197
1.0,225,686.044761
3.0,225,769.892718
1.0,225,854.728128
2.0,225,939.343891
1.0,225,1023.875825
1.0,225,1108.485765
0.0,225,1193.555181
3.0,225,1278.000155
0.0,225,1363.087089
0.0,225,1448.832888
0.0,225,1533.7391
1.0,225,1618.645333
3.0,225,1703.470999
