#{"env_id": "DeepmindLabNavMazeStatic01-v0", "t_start": 1568527279.4887853}
r,l,t
2.0,225,94.644997
3.0,225,178.758529
2.0,225,263.221259
3.0,225,347.680906
0.0,225,431.880977
1.0,225,516.229884
3.0,225,601.062058
1.0,225,685.995699
0.0,225,769.841579
0.0,225,854.676783
1.0,225,939.305041
4.0,225,1023.828251
0.0,225,1108.438441
2.0,225,1193.510258
2.0,225,1277.950099
3.0,225,1363.031402
3.0,225,1448.783044
2.0,225,1533.692798
1.0,225,1618.586843
11.0,225,1703.420175
