#{"env_id": "DeepmindLabNavMazeStatic01-v0", "t_start": 1568527277.5727835}
r,l,t
0.0,225,96.287922
3.0,225,180.314097
1.0,225,264.77611
11.0,225,349.214913
3.0,225,433.432791
1.0,225,517.779353
0.0,225,602.616857
4.0,225,687.55057
1.0,225,771.410812
3.0,225,856.243635
3.0,225,940.941332
3.0,225,1025.396819
0.0,225,1109.98188
0.0,225,1195.072565
2.0,225,1279.525155
3.0,225,1364.572408
0.0,225,1450.344327
1.0,225,1535.231951
2.0,225,1620.164738
2.0,225,1704.967882
