#{"env_id": "DeepmindLabNavMazeStatic01-v0", "t_start": 1568527277.5869224}
r,l,t
3.0,225,96.296844
2.0,225,180.290625
0.0,225,264.773631
12.0,225,349.234506
2.0,225,433.445784
12.0,225,517.769654
12.0,225,602.606241
0.0,225,687.54309
1.0,225,771.393665
2.0,225,856.225154
3.0,225,940.907628
2.0,225,1025.408316
3.0,225,1109.991636
2.0,225,1195.066335
2.0,225,1279.500687
2.0,225,1364.593813
2.0,225,1450.330579
3.0,225,1535.247344
2.0,225,1620.150132
0.0,225,1704.959845
