#{"env_id": "DeepmindLabNavMazeStatic01-v0", "t_start": 1568527277.6065264}
r,l,t
3.0,225,96.292894
4.0,225,180.272493
0.0,225,264.765713
3.0,225,349.237276
3.0,225,433.432015
3.0,225,517.751353
2.0,225,602.591164
3.0,225,687.521834
2.0,225,771.377936
1.0,225,856.216011
0.0,225,940.89251
0.0,225,1025.385731
1.0,225,1109.970735
12.0,225,1195.06335
2.0,225,1279.482687
0.0,225,1364.602074
2.0,225,1450.31953
1.0,225,1535.214756
2.0,225,1620.133478
1.0,225,1704.934602
