#{"env_id": "DeepmindLabNavMazeStatic01-v0", "t_start": 1568527277.6148267}
r,l,t
1.0,225,96.282067
3.0,225,180.280781
1.0,225,264.761725
1.0,225,349.211144
0.0,225,433.426142
3.0,225,517.760926
3.0,225,602.594424
3.0,225,687.530899
1.0,225,771.382623
1.0,225,856.207929
0.0,225,941.01084
3.0,225,1025.380175
1.0,225,1109.975876
10.0,225,1195.043128
2.0,225,1279.488935
1.0,225,1364.566134
3.0,225,1450.31564
2.0,225,1535.218677
3.0,225,1620.124216
2.0,225,1704.939528
