#{"env_id": "DeepmindLabNavMazeStatic01-v0", "t_start": 1568527277.6352863}
r,l,t
3.0,225,96.270564
2.0,225,180.260767
0.0,225,264.742948
3.0,225,349.197007
12.0,225,433.411045
11.0,225,517.739051
3.0,225,602.578376
2.0,225,687.500636
12.0,225,771.360306
1.0,225,856.201946
2.0,225,940.912719
2.0,225,1025.360337
3.0,225,1109.957399
1.0,225,1195.026936
2.0,225,1279.473072
1.0,225,1364.535057
2.0,225,1450.305009
0.0,225,1535.211709
2.0,225,1620.114487
2.0,225,1704.924983
