#{"env_id": "DeepmindLabNavMazeStatic01-v0", "t_start": 1568527277.6526644}
r,l,t
0.0,225,96.265557
12.0,225,180.245414
1.0,225,264.726394
1.0,225,349.180524
1.0,225,433.393667
0.0,225,517.724345
14.0,225,602.561282
0.0,225,687.488001
3.0,225,771.349927
3.0,225,856.179619
3.0,225,940.890023
1.0,225,1025.350316
2.0,225,1109.945579
2.0,225,1195.007052
2.0,225,1279.447413
2.0,225,1364.546381
2.0,225,1450.28274
2.0,225,1535.198965
0.0,225,1620.096076
2.0,225,1704.919161
