#{"env_id": "DeepmindLabNavMazeStatic01-v0", "t_start": 1568527277.6679895}
r,l,t
0.0,225,96.23533
1.0,225,180.225938
2.0,225,264.708551
0.0,225,349.159206
13.0,225,433.379855
2.0,225,517.7044
1.0,225,602.55342
0.0,225,687.460881
2.0,225,771.327691
2.0,225,856.162365
2.0,225,940.855468
1.0,225,1025.342155
1.0,225,1109.925682
2.0,225,1195.00084
3.0,225,1279.43878
2.0,225,1364.522716
1.0,225,1450.27126
1.0,225,1535.187961
1.0,225,1620.084689
1.0,225,1704.905149
