#{"env_id": "DeepmindLabNavMazeStatic01-v0", "t_start": 1568527277.6829839}
r,l,t
0.0,225,96.223602
2.0,225,180.217086
0.0,225,264.691814
1.0,225,349.150854
0.0,225,433.368855
3.0,225,517.691678
0.0,225,602.530678
12.0,225,687.461008
3.0,225,771.317105
12.0,225,856.145832
1.0,225,940.937005
0.0,225,1025.331827
2.0,225,1109.914902
0.0,225,1194.983261
3.0,225,1279.426673
0.0,225,1364.506598
0.0,225,1450.25586
3.0,225,1535.169206
0.0,225,1620.067739
1.0,225,1704.898365
