#{"env_id": "DeepmindLabNavMazeStatic01-v0", "t_start": 1568527277.7012496}
r,l,t
3.0,225,96.205874
2.0,225,180.194358
0.0,225,264.677533
0.0,225,349.142228
1.0,225,433.351646
2.0,225,517.67681
0.0,225,602.512697
0.0,225,687.452092
20.0,225,771.294957
2.0,225,856.124353
2.0,225,940.827715
2.0,225,1025.309593
2.0,225,1109.906371
2.0,225,1194.967444
11.0,225,1279.408702
3.0,225,1364.490212
2.0,225,1450.242874
0.0,225,1535.146129
3.0,225,1620.054064
0.0,225,1704.886425
