#{"env_id": "DeepmindLabNavMazeStatic01-v0", "t_start": 1568527277.715094}
r,l,t
11.0,225,96.195944
0.0,225,180.182272
2.0,225,264.6708
1.0,225,349.1273
0.0,225,433.340706
2.0,225,517.664443
2.0,225,602.49548
0.0,225,687.440029
0.0,225,771.289236
4.0,225,856.117805
3.0,225,940.814873
12.0,225,1025.297191
0.0,225,1109.889108
2.0,225,1194.954374
2.0,225,1279.397813
3.0,225,1364.482648
2.0,225,1450.229053
1.0,225,1535.145946
10.0,225,1620.03937
2.0,225,1704.865427
