#{"env_id": "DeepmindLabNavMazeStatic01-v0", "t_start": 1568527277.7303197}
r,l,t
3.0,225,96.178918
2.0,225,180.175609
2.0,225,264.656575
2.0,225,349.106757
0.0,225,433.328757
1.0,225,517.649411
1.0,225,602.482382
2.0,225,687.423963
2.0,225,771.275201
13.0,225,856.097406
0.0,225,940.812069
3.0,225,1025.286857
2.0,225,1109.875355
2.0,225,1194.937783
3.0,225,1279.390843
3.0,225,1364.469983
1.0,225,1450.215073
3.0,225,1535.12749
0.0,225,1620.025736
3.0,225,1704.852507
