#{"env_id": "DeepmindLabNavMazeStatic01-v0", "t_start": 1568527277.744134}
r,l,t
2.0,225,96.168158
0.0,225,180.155276
0.0,225,264.644494
14.0,225,349.094446
0.0,225,433.324383
10.0,225,517.63397
10.0,225,602.473305
12.0,225,687.417782
2.0,225,771.262792
0.0,225,856.094115
2.0,225,940.871785
1.0,225,1025.273955
3.0,225,1109.884742
0.0,225,1194.92279
3.0,225,1279.379168
10.0,225,1364.46221
1.0,225,1450.208188
1.0,225,1535.105953
0.0,225,1620.015564
2.0,225,1704.838604
