#{"env_id": "DeepmindLabNavMazeStatic01-v0", "t_start": 1568527277.7596934}
r,l,t
1.0,225,96.151344
3.0,225,180.154487
2.0,225,264.629121
1.0,225,349.081817
2.0,225,433.296272
1.0,225,517.620808
2.0,225,602.464899
11.0,225,687.402476
10.0,225,771.259926
1.0,225,856.076069
3.0,225,940.825161
1.0,225,1025.286891
0.0,225,1109.848399
3.0,225,1194.913336
3.0,225,1279.357317
2.0,225,1364.434129
3.0,225,1450.194104
1.0,225,1535.098874
1.0,225,1620.001046
3.0,225,1704.826909
