#{"env_id": "DeepmindLabNavMazeStatic01-v0", "t_start": 1568527277.777144}
r,l,t
0.0,225,96.142142
12.0,225,180.139443
3.0,225,264.619378
3.0,225,349.074209
1.0,225,433.293406
3.0,225,517.609848
1.0,225,602.455896
3.0,225,687.402746
12.0,225,771.241019
13.0,225,856.065835
3.0,225,940.828526
3.0,225,1025.252669
1.0,225,1109.840367
2.0,225,1194.905053
1.0,225,1279.349072
0.0,225,1364.415722
0.0,225,1450.174792
2.0,225,1535.084455
2.0,225,1619.992899
3.0,225,1704.812442
