#{"env_id": "DeepmindLabNavMazeStatic01-v0", "t_start": 1568527277.7927713}
r,l,t
0.0,225,96.131585
3.0,225,180.131993
1.0,225,264.604596
0.0,225,349.062123
3.0,225,433.282376
3.0,225,517.597004
3.0,225,602.444608
2.0,225,687.388534
12.0,225,771.230654
3.0,225,856.070808
11.0,225,940.819795
11.0,225,1025.243728
3.0,225,1109.824962
3.0,225,1194.909273
1.0,225,1279.337299
2.0,225,1364.380575
1.0,225,1450.163252
2.0,225,1535.06999
2.0,225,1619.988573
2.0,225,1704.807082
