#{"env_id": "DeepmindLabNavMazeStatic01-v0", "t_start": 1568527277.8074682}
r,l,t
1.0,225,96.11587
11.0,225,180.10967
2.0,225,264.593718
3.0,225,349.042971
2.0,225,433.267402
11.0,225,517.588339
3.0,225,602.425804
3.0,225,687.364274
0.0,225,771.2161
1.0,225,856.054761
1.0,225,940.80121
3.0,225,1025.230779
0.0,225,1109.827828
2.0,225,1194.89556
0.0,225,1279.318748
2.0,225,1364.397465
3.0,225,1450.167116
1.0,225,1535.064888
1.0,225,1619.968918
1.0,225,1704.784367
