#{"env_id": "DeepmindLabNavMazeStatic01-v0", "t_start": 1568527277.8231761}
r,l,t
3.0,225,96.105995
0.0,225,180.095844
1.0,225,264.589334
2.0,225,349.05215
13.0,225,433.254652
1.0,225,517.581438
3.0,225,602.414768
2.0,225,687.35214
0.0,225,771.209218
3.0,225,856.047248
3.0,225,940.723703
1.0,225,1025.216479
0.0,225,1109.795196
2.0,225,1194.88278
0.0,225,1279.318733
0.0,225,1364.389915
3.0,225,1450.14567
0.0,225,1535.055377
1.0,225,1619.959978
3.0,225,1704.773391
