#{"env_id": "DeepmindLabNavMazeStatic01-v0", "t_start": 1568527277.8387108}
r,l,t
2.0,225,96.107623
3.0,225,180.097559
1.0,225,264.577074
1.0,225,349.031497
2.0,225,433.247986
0.0,225,517.578159
1.0,225,602.409399
1.0,225,687.338868
1.0,225,771.203617
1.0,225,856.024909
0.0,225,940.812127
15.0,225,1025.206987
2.0,225,1109.791904
1.0,225,1194.882797
3.0,225,1279.313489
0.0,225,1364.384978
0.0,225,1450.13687
0.0,225,1535.049653
2.0,225,1619.954112
3.0,225,1704.757856
