#{"env_id": "DeepmindLabNavMazeStatic01-v0", "t_start": 1568527277.8535419}
r,l,t
3.0,225,96.091186
2.0,225,180.084324
1.0,225,264.572012
1.0,225,349.016332
3.0,225,433.236863
1.0,225,517.566154
2.0,225,602.400293
2.0,225,687.325629
2.0,225,771.182939
1.0,225,856.014089
5.0,225,940.778497
3.0,225,1025.188148
1.0,225,1109.778324
0.0,225,1194.852723
2.0,225,1279.295408
1.0,225,1364.388028
0.0,225,1450.121343
1.0,225,1535.031066
2.0,225,1619.937145
3.0,225,1704.760981
