#{"env_id": "DeepmindLabNavMazeStatic01-v0", "t_start": 1568527277.8716214}
r,l,t
2.0,225,96.072581
1.0,225,180.066764
3.0,225,264.559235
3.0,225,349.009964
0.0,225,433.213648
2.0,225,517.544086
3.0,225,602.380929
2.0,225,687.306982
3.0,225,771.164969
0.0,225,856.014907
2.0,225,940.75744
2.0,225,1025.173225
1.0,225,1109.76717
3.0,225,1194.838756
3.0,225,1279.280755
2.0,225,1364.360713
2.0,225,1450.106215
1.0,225,1535.006611
2.0,225,1619.924837
2.0,225,1704.739056
