#{"env_id": "DeepmindLabNavMazeStatic01-v0", "t_start": 1568527277.8856535}
r,l,t
0.0,225,96.065372
2.0,225,180.050611
0.0,225,264.53951
1.0,225,348.993858
0.0,225,433.204526
3.0,225,517.535832
2.0,225,602.371244
2.0,225,687.297184
1.0,225,771.15584
0.0,225,855.993215
1.0,225,940.763822
3.0,225,1025.172351
1.0,225,1109.755465
2.0,225,1194.824065
3.0,225,1279.28238
0.0,225,1364.349675
0.0,225,1450.096161
2.0,225,1534.999214
1.0,225,1619.910158
0.0,225,1704.732659
