#{"env_id": "DeepmindLabNavMazeStatic01-v0", "t_start": 1568527277.90243}
r,l,t
0.0,225,96.04433
1.0,225,180.041592
0.0,225,264.524921
2.0,225,348.979932
0.0,225,433.18863
3.0,225,517.519236
2.0,225,602.351346
0.0,225,687.283679
2.0,225,771.138264
0.0,225,855.975472
2.0,225,940.699715
1.0,225,1025.148333
2.0,225,1109.744701
3.0,225,1194.808013
0.0,225,1279.248887
0.0,225,1364.330853
1.0,225,1450.082619
0.0,225,1534.987523
2.0,225,1619.894006
4.0,225,1704.707773
