#{"env_id": "DeepmindLabNavMazeStatic01-v0", "t_start": 1568527277.9173982}
r,l,t
0.0,225,96.039611
0.0,225,180.023995
3.0,225,264.508056
2.0,225,348.961015
3.0,225,433.176323
0.0,225,517.504067
0.0,225,602.332982
3.0,225,687.268412
3.0,225,771.129751
2.0,225,855.959539
0.0,225,940.664309
3.0,225,1025.138206
2.0,225,1109.722097
2.0,225,1194.79718
3.0,225,1279.234126
0.0,225,1364.316374
2.0,225,1450.063765
3.0,225,1534.976067
1.0,225,1619.88065
2.0,225,1704.692632
