#{"env_id": "DeepmindLabNavMazeStatic01-v0", "t_start": 1568527277.9348185}
r,l,t
0.0,225,96.012441
2.0,225,180.007865
2.0,225,264.491838
1.0,225,348.946767
0.0,225,433.161993
12.0,225,517.491535
0.0,225,602.327728
13.0,225,687.263889
2.0,225,771.115079
3.0,225,855.953622
3.0,225,940.683133
2.0,225,1025.136175
0.0,225,1109.696762
2.0,225,1194.778441
1.0,225,1279.22057
1.0,225,1364.309647
1.0,225,1450.051375
0.0,225,1534.963019
0.0,225,1619.858285
1.0,225,1704.685376
