#{"env_id": "DeepmindLabNavMazeStatic01-v0", "t_start": 1568527277.9525704}
r,l,t
0.0,225,96.0004
1.0,225,179.997318
2.0,225,264.473823
0.0,225,348.934919
3.0,225,433.143704
10.0,225,517.476553
1.0,225,602.309588
1.0,225,687.252082
0.0,225,771.092082
3.0,225,855.921562
3.0,225,940.624615
2.0,225,1025.106104
2.0,225,1109.686221
2.0,225,1194.757126
2.0,225,1279.201045
0.0,225,1364.297972
3.0,225,1450.038852
2.0,225,1534.942029
3.0,225,1619.8463
1.0,225,1704.677199
