#{"env_id": "DeepmindLabNavMazeStatic01-v0", "t_start": 1568527277.9647374}
r,l,t
0.0,225,95.991608
2.0,225,179.98851
2.0,225,264.460146
3.0,225,348.917927
0.0,225,433.143474
1.0,225,517.461407
3.0,225,602.307548
3.0,225,687.24874
11.0,225,771.0901
1.0,225,855.916059
3.0,225,940.630304
3.0,225,1025.10597
1.0,225,1109.686543
3.0,225,1194.749789
0.0,225,1279.201741
11.0,225,1364.278468
1.0,225,1450.024431
2.0,225,1534.943739
1.0,225,1619.847039
2.0,225,1704.666637
