#{"env_id": "DeepmindLabNavMazeStatic01-v0", "t_start": 1568527277.9805505}
r,l,t
3.0,225,95.975408
0.0,225,179.979628
2.0,225,264.452348
12.0,225,348.916496
0.0,225,433.137593
1.0,225,517.457536
1.0,225,602.28742
1.0,225,687.23811
2.0,225,771.083012
11.0,225,855.903156
2.0,225,940.546817
2.0,225,1025.085218
1.0,225,1109.675928
1.0,225,1194.739378
1.0,225,1279.18837
0.0,225,1364.267698
0.0,225,1450.015763
2.0,225,1534.927958
3.0,225,1619.82903
2.0,225,1704.657451
