#{"env_id": "DeepmindLabNavMazeStatic01-v0", "t_start": 1568527277.9982285}
r,l,t
3.0,225,95.969449
0.0,225,179.959962
3.0,225,264.441521
3.0,225,348.899187
0.0,225,433.11443
10.0,225,517.42643
2.0,225,602.280005
3.0,225,687.226535
2.0,225,771.065334
2.0,225,855.888639
2.0,225,940.553671
3.0,225,1025.074263
2.0,225,1109.667917
0.0,225,1194.722112
0.0,225,1279.165924
1.0,225,1364.252384
1.0,225,1450.001825
0.0,225,1534.93446
2.0,225,1619.814672
4.0,225,1704.637793
