#{"env_id": "DeepmindLabNavMazeStatic01-v0", "t_start": 1568527278.0150938}
r,l,t
1.0,225,95.953286
3.0,225,179.96031
2.0,225,264.423006
0.0,225,348.876853
0.0,225,433.10175
1.0,225,517.412462
1.0,225,602.266959
3.0,225,687.204781
1.0,225,771.049618
2.0,225,855.877753
0.0,225,940.570932
3.0,225,1025.068351
0.0,225,1109.651083
3.0,225,1194.716161
3.0,225,1279.159906
3.0,225,1364.233393
1.0,225,1449.982831
3.0,225,1534.909666
1.0,225,1619.802275
2.0,225,1704.621331
