#{"env_id": "DeepmindLabNavMazeStatic01-v0", "t_start": 1568527278.0330198}
r,l,t
0.0,225,95.936128
2.0,225,179.925973
4.0,225,264.415147
1.0,225,348.884589
2.0,225,433.093952
2.0,225,517.420622
1.0,225,602.25254
0.0,225,687.184447
1.0,225,771.04114
0.0,225,855.872435
3.0,225,940.633952
2.0,225,1025.052431
12.0,225,1109.633375
3.0,225,1194.713048
1.0,225,1279.138197
13.0,225,1364.221073
2.0,225,1449.982629
0.0,225,1534.887088
3.0,225,1619.794577
3.0,225,1704.602611
