#{"env_id": "DeepmindLabNavMazeStatic01-v0", "t_start": 1568527278.0500693}
r,l,t
3.0,225,95.925792
3.0,225,179.924575
2.0,225,264.412028
1.0,225,348.926316
1.0,225,433.072304
2.0,225,517.39942
1.0,225,602.233732
3.0,225,687.172585
11.0,225,771.024847
0.0,225,855.857411
3.0,225,940.522496
0.0,225,1025.034042
3.0,225,1109.613683
1.0,225,1194.695879
0.0,225,1279.125243
1.0,225,1364.216998
2.0,225,1449.958327
1.0,225,1534.872392
1.0,225,1619.777821
0.0,225,1704.592312
