#{"env_id": "DeepmindLabNavMazeStatic01-v0", "t_start": 1568527278.0636096}
r,l,t
2.0,225,95.920748
3.0,225,179.911449
0.0,225,264.390699
1.0,225,348.847204
0.0,225,433.065332
3.0,225,517.388556
2.0,225,602.229597
0.0,225,687.157855
3.0,225,771.013685
3.0,225,855.845576
1.0,225,940.513253
0.0,225,1025.024591
1.0,225,1109.604999
0.0,225,1194.690099
1.0,225,1279.117797
3.0,225,1364.205151
1.0,225,1449.959714
3.0,225,1534.850628
1.0,225,1619.765676
0.0,225,1704.583231
