#{"env_id": "DeepmindLabNavMazeStatic01-v0", "t_start": 1568527278.0802119}
r,l,t
1.0,225,95.905958
1.0,225,179.899586
3.0,225,264.387353
2.0,225,348.83398
12.0,225,433.049955
3.0,225,517.380591
2.0,225,602.21307
1.0,225,687.153331
2.0,225,771.001705
2.0,225,855.838444
2.0,225,940.582457
1.0,225,1025.005893
2.0,225,1109.59956
2.0,225,1194.682546
3.0,225,1279.117957
1.0,225,1364.189541
0.0,225,1449.93544
14.0,225,1534.865952
0.0,225,1619.75717
3.0,225,1704.563969
