#{"env_id": "DeepmindLabNavMazeStatic01-v0", "t_start": 1568527278.0941615}
r,l,t
2.0,225,95.894449
3.0,225,179.891394
2.0,225,264.372956
3.0,225,348.823387
1.0,225,433.041573
1.0,225,517.370191
0.0,225,602.19891
1.0,225,687.127795
2.0,225,770.988311
2.0,225,855.815813
10.0,225,940.553391
0.0,225,1025.008614
2.0,225,1109.590996
1.0,225,1194.655487
3.0,225,1279.102032
3.0,225,1364.182535
2.0,225,1449.928549
3.0,225,1534.826422
0.0,225,1619.744144
2.0,225,1704.560733
