#{"env_id": "DeepmindLabNavMazeStatic01-v0", "t_start": 1568527278.1145275}
r,l,t
0.0,225,95.869409
3.0,225,179.862756
3.0,225,264.355796
1.0,225,348.82841
1.0,225,433.022346
0.0,225,517.347162
3.0,225,602.187047
12.0,225,687.111644
2.0,225,770.984563
1.0,225,855.803388
3.0,225,940.521289
2.0,225,1024.981424
2.0,225,1109.567737
3.0,225,1194.665111
0.0,225,1279.081682
3.0,225,1364.163683
2.0,225,1449.905551
0.0,225,1534.815309
3.0,225,1619.726367
2.0,225,1704.544661
