#{"env_id": "DeepmindLabNavMazeStatic01-v0", "t_start": 1568527278.128723}
r,l,t
3.0,225,95.872963
11.0,225,179.85375
0.0,225,264.341404
3.0,225,348.791388
2.0,225,433.013705
1.0,225,517.337836
1.0,225,602.179453
3.0,225,687.094918
1.0,225,770.9565
1.0,225,855.7924
3.0,225,940.507854
0.0,225,1024.967228
3.0,225,1109.567374
0.0,225,1194.637784
0.0,225,1279.07629
1.0,225,1364.146905
1.0,225,1449.899779
3.0,225,1534.807379
1.0,225,1619.714432
0.0,225,1704.530184
