#{"env_id": "DeepmindLabNavMazeStatic01-v0", "t_start": 1568527278.1417532}
r,l,t
3.0,225,95.849359
12.0,225,179.845034
13.0,225,264.325145
0.0,225,348.806943
0.0,225,432.994978
1.0,225,517.325449
2.0,225,602.160024
2.0,225,687.083132
0.0,225,770.948045
3.0,225,855.781988
1.0,225,940.486322
0.0,225,1024.962286
1.0,225,1109.552371
1.0,225,1194.614916
2.0,225,1279.055931
10.0,225,1364.155204
1.0,225,1449.890098
3.0,225,1534.807382
3.0,225,1619.692669
1.0,225,1704.538805
