#{"env_id": "DeepmindLabNavMazeStatic01-v0", "t_start": 1568527278.1608667}
r,l,t
3.0,225,95.83785
1.0,225,179.821647
3.0,225,264.315159
2.0,225,348.84802
3.0,225,432.979215
2.0,225,517.302439
3.0,225,602.140188
2.0,225,687.085347
2.0,225,770.93315
1.0,225,855.763057
0.0,225,940.496794
3.0,225,1024.94573
2.0,225,1109.531641
1.0,225,1194.613666
3.0,225,1279.032051
3.0,225,1364.131534
2.0,225,1449.870813
11.0,225,1534.777982
3.0,225,1619.677401
11.0,225,1704.497241
