#{"env_id": "DeepmindLabNavMazeStatic01-v0", "t_start": 1568527278.1778736}
r,l,t
0.0,225,95.821485
3.0,225,179.812124
2.0,225,264.311057
2.0,225,348.811813
3.0,225,432.960788
0.0,225,517.293976
2.0,225,602.129991
3.0,225,687.070839
0.0,225,770.91305
3.0,225,855.762706
1.0,225,940.389256
11.0,225,1024.9319
1.0,225,1109.511266
1.0,225,1194.580027
0.0,225,1279.02972
2.0,225,1364.116992
3.0,225,1449.856016
2.0,225,1534.762276
3.0,225,1619.663123
0.0,225,1704.488639
