#{"env_id": "DeepmindLabNavMazeStatic01-v0", "t_start": 1568527278.1902223}
r,l,t
0.0,225,95.811133
0.0,225,179.81228
3.0,225,264.282189
3.0,225,348.798606
3.0,225,432.95307
3.0,225,517.283655
3.0,225,602.116742
2.0,225,687.056484
2.0,225,770.910295
3.0,225,855.735378
1.0,225,940.470491
3.0,225,1024.916383
3.0,225,1109.511719
3.0,225,1194.565139
0.0,225,1279.020329
1.0,225,1364.100336
2.0,225,1449.845224
2.0,225,1534.754333
0.0,225,1619.658749
1.0,225,1704.481611
