#{"env_id": "DeepmindLabNavMazeStatic01-v0", "t_start": 1568527278.2082837}
r,l,t
3.0,225,95.792077
1.0,225,179.794269
3.0,225,264.265721
2.0,225,348.786746
1.0,225,432.950574
0.0,225,517.256565
3.0,225,602.109826
13.0,225,687.058083
3.0,225,770.897336
0.0,225,855.723136
3.0,225,940.387657
2.0,225,1024.903833
3.0,225,1109.494535
2.0,225,1194.548385
2.0,225,1278.997483
2.0,225,1364.086665
13.0,225,1449.830935
2.0,225,1534.737328
2.0,225,1619.645269
10.0,225,1704.472752
