#{"env_id": "DeepmindLabNavMazeStatic01-v0", "t_start": 1568527278.2255907}
r,l,t
1.0,225,95.783152
3.0,225,179.774265
1.0,225,264.251959
2.0,225,348.764065
1.0,225,432.934595
5.0,225,517.257787
2.0,225,602.093801
11.0,225,687.176004
0.0,225,770.882761
3.0,225,855.707469
2.0,225,940.415071
0.0,225,1024.888556
1.0,225,1109.478065
3.0,225,1194.542033
0.0,225,1278.98376
12.0,225,1364.070891
3.0,225,1449.814316
3.0,225,1534.738111
0.0,225,1619.634114
10.0,225,1704.457533
