#{"env_id": "DeepmindLabNavMazeStatic01-v0", "t_start": 1568527278.2392893}
r,l,t
2.0,225,95.766325
3.0,225,179.762241
2.0,225,264.255711
1.0,225,348.696249
15.0,225,432.929041
0.0,225,517.24368
11.0,225,602.085782
2.0,225,687.021601
1.0,225,770.870538
3.0,225,855.699489
1.0,225,940.404252
1.0,225,1024.875774
2.0,225,1109.46497
0.0,225,1194.535887
0.0,225,1278.988671
13.0,225,1364.060678
3.0,225,1449.80145
0.0,225,1534.715129
1.0,225,1619.620353
10.0,225,1704.441508
