#{"env_id": "DeepmindLabNavMazeStatic01-v0", "t_start": 1568527278.2558174}
r,l,t
1.0,225,95.759843
2.0,225,179.762105
0.0,225,264.23654
0.0,225,348.789789
3.0,225,432.907977
2.0,225,517.243696
1.0,225,602.06879
2.0,225,687.011962
13.0,225,770.857924
2.0,225,855.687955
2.0,225,940.403292
2.0,225,1025.061247
0.0,225,1109.452959
1.0,225,1194.517266
0.0,225,1278.96722
0.0,225,1364.036896
0.0,225,1449.796893
2.0,225,1534.707514
2.0,225,1619.607609
3.0,225,1704.423034
