#{"env_id": "DeepmindLabNavMazeStatic01-v0", "t_start": 1568527278.2739031}
r,l,t
0.0,225,95.75597
0.0,225,179.750247
2.0,225,264.223289
0.0,225,348.801976
2.0,225,432.897351
12.0,225,517.21848
1.0,225,602.057147
4.0,225,686.991658
1.0,225,770.849367
2.0,225,855.678085
2.0,225,940.373098
0.0,225,1024.899635
2.0,225,1109.431743
1.0,225,1194.519596
1.0,225,1278.948882
3.0,225,1364.026982
3.0,225,1449.784342
3.0,225,1534.690624
0.0,225,1619.589523
11.0,225,1704.410897
