#{"env_id": "DeepmindLabNavMazeStatic01-v0", "t_start": 1568527278.2899072}
r,l,t
3.0,225,95.733492
2.0,225,179.726403
3.0,225,264.216708
2.0,225,348.795325
1.0,225,432.885108
1.0,225,517.202688
3.0,225,602.044973
2.0,225,686.998705
2.0,225,770.837553
1.0,225,855.662228
3.0,225,940.352024
1.0,225,1024.937627
1.0,225,1109.416689
1.0,225,1194.486701
2.0,225,1278.948155
2.0,225,1364.013051
11.0,225,1449.768471
3.0,225,1534.668525
12.0,225,1619.580001
1.0,225,1704.402606
