#{"env_id": "DeepmindLabNavMazeStatic01-v0", "t_start": 1568527278.306899}
r,l,t
1.0,225,95.716671
10.0,225,179.7103
0.0,225,264.207472
0.0,225,348.777323
1.0,225,432.871309
3.0,225,517.198164
3.0,225,602.028322
10.0,225,686.961064
2.0,225,770.816343
1.0,225,855.647342
3.0,225,940.294946
0.0,225,1024.95139
2.0,225,1109.425499
0.0,225,1194.47739
2.0,225,1278.930707
3.0,225,1364.008353
2.0,225,1449.754084
1.0,225,1534.662628
2.0,225,1619.569544
0.0,225,1704.382361
