#{"env_id": "DeepmindLabNavMazeStatic01-v0", "t_start": 1568527278.3218415}
r,l,t
3.0,225,95.708916
11.0,225,179.706813
3.0,225,264.185179
1.0,225,348.760935
12.0,225,432.862718
0.0,225,517.182323
1.0,225,602.015516
13.0,225,686.946431
2.0,225,770.804741
3.0,225,855.637501
2.0,225,940.269412
0.0,225,1024.977644
3.0,225,1109.408857
3.0,225,1194.469893
2.0,225,1278.915412
4.0,225,1364.005025
0.0,225,1449.74739
1.0,225,1534.667358
2.0,225,1619.583193
2.0,225,1704.373693
