#{"env_id": "DeepmindLabNavMazeStatic01-v0", "t_start": 1568527278.3386846}
r,l,t
1.0,225,95.695048
0.0,225,179.688627
2.0,225,264.175279
0.0,225,348.697074
0.0,225,432.847644
3.0,225,517.170165
3.0,225,602.001432
1.0,225,686.927589
3.0,225,770.790419
0.0,225,855.627245
1.0,225,940.297677
0.0,225,1024.93899
2.0,225,1109.389519
10.0,225,1194.465462
3.0,225,1278.905365
2.0,225,1363.986433
2.0,225,1449.731262
1.0,225,1534.632641
1.0,225,1619.541969
0.0,225,1704.360763
