#{"env_id": "DeepmindLabNavMazeStatic01-v0", "t_start": 1568527278.3552594}
r,l,t
1.0,225,95.672027
3.0,225,179.671704
1.0,225,264.155536
2.0,225,348.601071
3.0,225,432.828266
1.0,225,517.150737
2.0,225,601.988494
3.0,225,686.918568
12.0,225,770.781693
1.0,225,855.611511
3.0,225,940.241332
2.0,225,1024.887634
0.0,225,1109.374317
3.0,225,1194.44353
3.0,225,1278.883856
2.0,225,1363.958786
0.0,225,1449.715498
3.0,225,1534.628578
2.0,225,1619.528301
1.0,225,1704.346121
