#{"env_id": "DeepmindLabNavMazeStatic01-v0", "t_start": 1568527278.3699303}
r,l,t
3.0,225,95.673536
1.0,225,179.660145
3.0,225,264.14146
3.0,225,348.602777
2.0,225,432.807966
11.0,225,517.139677
2.0,225,601.9814
0.0,225,686.937105
2.0,225,770.766488
2.0,225,855.59567
3.0,225,940.209287
0.0,225,1024.888834
0.0,225,1109.374514
3.0,225,1194.432755
1.0,225,1278.868883
2.0,225,1363.951852
1.0,225,1449.703744
3.0,225,1534.61593
3.0,225,1619.519034
13.0,225,1704.338534
