#{"env_id": "DeepmindLabNavMazeStatic01-v0", "t_start": 1568527278.3846128}
r,l,t
2.0,225,95.656475
1.0,225,179.644391
1.0,225,264.132013
3.0,225,348.69481
10.0,225,432.802837
3.0,225,517.129834
1.0,225,601.968142
3.0,225,687.059064
2.0,225,770.750622
1.0,225,855.582391
3.0,225,940.17239
3.0,225,1024.932206
2.0,225,1109.353304
1.0,225,1194.419979
2.0,225,1278.861373
0.0,225,1363.950023
2.0,225,1449.70056
1.0,225,1534.606222
10.0,225,1619.503863
0.0,225,1704.319987
