#{"env_id": "DeepmindLabNavMazeStatic01-v0", "t_start": 1568527278.402626}
r,l,t
0.0,225,95.641989
3.0,225,179.633887
2.0,225,264.113237
2.0,225,348.596407
1.0,225,432.783373
3.0,225,517.114105
0.0,225,601.947087
2.0,225,687.023455
2.0,225,770.748938
2.0,225,855.567065
2.0,225,940.13081
1.0,225,1024.901483
0.0,225,1109.337742
1.0,225,1194.406034
3.0,225,1278.837505
3.0,225,1363.937416
0.0,225,1449.672263
2.0,225,1534.590954
0.0,225,1619.487403
3.0,225,1704.324732
