#{"env_id": "DeepmindLabNavMazeStatic01-v0", "t_start": 1568527278.4169347}
r,l,t
3.0,225,95.625542
2.0,225,179.625094
2.0,225,264.100213
1.0,225,348.562644
3.0,225,432.772619
1.0,225,517.095845
1.0,225,601.937468
0.0,225,686.868599
2.0,225,770.730319
2.0,225,855.558505
12.0,225,940.22706
0.0,225,1024.827751
1.0,225,1109.328175
1.0,225,1194.397244
1.0,225,1278.832699
1.0,225,1363.917645
1.0,225,1449.6627
3.0,225,1534.663011
11.0,225,1619.480711
2.0,225,1704.306056
