#{"env_id": "DeepmindLabNavMazeStatic01-v0", "t_start": 1568527278.43346}
r,l,t
0.0,225,95.613899
2.0,225,179.609358
2.0,225,264.090214
1.0,225,348.552663
1.0,225,432.760853
0.0,225,517.093878
2.0,225,601.929032
1.0,225,687.016285
3.0,225,770.715149
1.0,225,855.552915
1.0,225,940.219685
2.0,225,1024.87772
2.0,225,1109.309597
2.0,225,1194.391753
2.0,225,1278.825181
3.0,225,1363.907857
1.0,225,1449.643575
3.0,225,1534.592387
2.0,225,1619.472386
2.0,225,1704.287333
