#{"env_id": "DeepmindLabNavMazeStatic01-v0", "t_start": 1568527278.448516}
r,l,t
0.0,225,95.600689
3.0,225,179.597068
3.0,225,264.081973
2.0,225,348.547068
3.0,225,432.754671
13.0,225,517.094451
0.0,225,601.914065
2.0,225,687.0
2.0,225,770.707173
2.0,225,855.534856
0.0,225,940.212333
4.0,225,1024.863178
3.0,225,1109.298844
3.0,225,1194.38363
2.0,225,1278.808599
2.0,225,1363.892971
3.0,225,1449.635971
10.0,225,1534.624542
2.0,225,1619.451137
2.0,225,1704.273261
