#{"env_id": "DeepmindLabNavMazeStatic01-v0", "t_start": 1568527278.4686117}
r,l,t
0.0,225,95.578705
1.0,225,179.589993
1.0,225,264.060835
11.0,225,348.526999
2.0,225,432.728044
3.0,225,517.061903
1.0,225,601.901835
3.0,225,686.845276
1.0,225,770.682261
10.0,225,855.516175
1.0,225,940.19636
2.0,225,1024.846383
2.0,225,1109.27933
0.0,225,1194.353519
1.0,225,1278.795383
2.0,225,1363.876633
1.0,225,1449.616746
2.0,225,1534.538283
2.0,225,1619.433415
2.0,225,1704.264191
