#{"env_id": "DeepmindLabNavMazeStatic01-v0", "t_start": 1568527278.482573}
r,l,t
1.0,225,95.575911
1.0,225,179.589702
10.0,225,264.054865
0.0,225,348.507203
3.0,225,432.727411
0.0,225,517.049025
3.0,225,601.885538
1.0,225,686.957209
2.0,225,770.672572
13.0,225,855.502323
3.0,225,940.204783
0.0,225,1024.810667
10.0,225,1109.268638
3.0,225,1194.334571
2.0,225,1278.779737
2.0,225,1363.864913
0.0,225,1449.612975
0.0,225,1534.570141
3.0,225,1619.422849
2.0,225,1704.246421
