#{"env_id": "DeepmindLabNavMazeStatic01-v0", "t_start": 1568527278.501694}
r,l,t
1.0,225,95.560723
0.0,225,179.555448
0.0,225,264.050837
1.0,225,348.473457
2.0,225,432.714272
2.0,225,517.030059
2.0,225,601.867049
2.0,225,686.810401
0.0,225,770.664638
2.0,225,855.486212
1.0,225,940.185308
0.0,225,1024.810912
1.0,225,1109.251511
2.0,225,1194.32623
1.0,225,1278.772051
1.0,225,1363.853405
0.0,225,1449.60695
2.0,225,1534.577414
12.0,225,1619.405521
2.0,225,1704.229874
