#{"env_id": "DeepmindLabNavMazeStatic01-v0", "t_start": 1568527278.5142028}
r,l,t
2.0,225,95.565529
3.0,225,179.549472
3.0,225,264.044181
0.0,225,348.572664
3.0,225,432.708135
0.0,225,517.035209
2.0,225,601.862945
3.0,225,686.779534
1.0,225,770.657909
1.0,225,855.479079
11.0,225,940.170647
2.0,225,1024.774391
2.0,225,1109.237866
3.0,225,1194.306927
1.0,225,1278.756654
0.0,225,1363.830976
2.0,225,1449.587028
1.0,225,1534.527234
3.0,225,1619.396042
3.0,225,1704.225611
