#{"env_id": "DeepmindLabNavMazeStatic01-v0", "t_start": 1568527278.5311723}
r,l,t
2.0,225,95.544439
13.0,225,179.536997
0.0,225,264.023225
1.0,225,348.548599
2.0,225,432.689954
0.0,225,517.014542
3.0,225,601.851672
2.0,225,686.804258
3.0,225,770.638339
2.0,225,855.464805
3.0,225,940.160596
2.0,225,1024.777742
2.0,225,1109.244384
1.0,225,1194.293019
0.0,225,1278.747049
0.0,225,1363.823282
2.0,225,1449.569266
3.0,225,1534.550348
1.0,225,1619.380527
1.0,225,1704.215449
