#{"env_id": "DeepmindLabNavMazeStatic01-v0", "t_start": 1568527278.5479128}
r,l,t
0.0,225,95.522871
0.0,225,179.520867
2.0,225,264.004473
2.0,225,348.374423
0.0,225,432.673592
1.0,225,517.005383
3.0,225,601.83225
1.0,225,686.789786
0.0,225,770.626415
3.0,225,855.450873
2.0,225,940.154953
1.0,225,1024.687682
0.0,225,1109.221577
3.0,225,1194.291469
2.0,225,1278.742836
3.0,225,1363.810192
2.0,225,1449.575874
2.0,225,1534.53921
3.0,225,1619.380892
1.0,225,1704.194172
