#{"env_id": "DeepmindLabNavMazeStatic01-v0", "t_start": 1568527278.5649486}
r,l,t
0.0,225,95.505399
2.0,225,179.502988
2.0,225,263.991261
3.0,225,348.361334
1.0,225,432.662503
3.0,225,516.990011
1.0,225,601.815196
3.0,225,686.740839
3.0,225,770.621566
0.0,225,855.44081
2.0,225,940.140057
0.0,225,1024.585952
0.0,225,1109.20391
13.0,225,1194.269148
3.0,225,1278.732388
3.0,225,1363.817814
2.0,225,1449.546384
0.0,225,1534.447436
3.0,225,1619.353115
11.0,225,1704.17966
