#{"env_id": "DeepmindLabNavMazeStatic01-v0", "t_start": 1568527278.5834246}
r,l,t
2.0,225,95.597824
1.0,225,179.490187
0.0,225,263.969667
0.0,225,348.349599
11.0,225,432.643402
1.0,225,516.973507
2.0,225,601.803812
3.0,225,686.877765
0.0,225,770.591468
1.0,225,855.426304
1.0,225,940.122967
1.0,225,1024.619479
1.0,225,1109.201672
3.0,225,1194.254179
3.0,225,1278.699641
1.0,225,1363.781767
1.0,225,1449.531377
0.0,225,1534.430031
1.0,225,1619.337317
1.0,225,1704.161716
