#{"env_id": "DeepmindLabNavMazeStatic01-v0", "t_start": 1568527278.5985835}
r,l,t
0.0,225,95.510471
3.0,225,179.478267
3.0,225,263.961714
2.0,225,348.350112
1.0,225,432.629673
0.0,225,516.952357
0.0,225,601.795357
2.0,225,686.820868
10.0,225,770.574503
1.0,225,855.414316
1.0,225,940.104551
0.0,225,1024.579604
2.0,225,1109.182445
0.0,225,1194.241717
0.0,225,1278.687672
0.0,225,1363.774285
1.0,225,1449.525144
0.0,225,1534.457015
1.0,225,1619.328708
1.0,225,1704.156558
