#{"env_id": "DeepmindLabNavMazeStatic01-v0", "t_start": 1568527278.614232}
r,l,t
3.0,225,95.489192
2.0,225,179.466205
12.0,225,263.940753
0.0,225,348.338033
1.0,225,432.621956
0.0,225,516.957955
11.0,225,601.782363
0.0,225,686.852988
0.0,225,770.572367
3.0,225,855.40026
0.0,225,940.102777
1.0,225,1024.596112
2.0,225,1109.16534
2.0,225,1194.23548
2.0,225,1278.668294
1.0,225,1363.755881
2.0,225,1449.531793
1.0,225,1534.379815
1.0,225,1619.320009
0.0,225,1704.140913
