#{"env_id": "DeepmindLabNavMazeStatic01-v0", "t_start": 1568527278.6306005}
r,l,t
2.0,225,95.460086
12.0,225,179.449622
0.0,225,263.923671
1.0,225,348.319518
21.0,225,432.601703
3.0,225,516.93696
2.0,225,601.769212
0.0,225,686.812872
2.0,225,770.562203
12.0,225,855.387305
3.0,225,940.068889
3.0,225,1024.586752
2.0,225,1109.157225
1.0,225,1194.217823
0.0,225,1278.660064
1.0,225,1363.757097
2.0,225,1449.491385
0.0,225,1534.484061
2.0,225,1619.310081
0.0,225,1704.137926
