#{"env_id": "DeepmindLabNavMazeStatic01-v0", "t_start": 1568527278.648411}
r,l,t
0.0,225,95.503793
3.0,225,179.438926
3.0,225,263.912395
2.0,225,348.301532
3.0,225,432.590937
3.0,225,516.918345
1.0,225,601.75261
3.0,225,686.670187
2.0,225,770.544611
2.0,225,855.368515
0.0,225,940.053127
3.0,225,1024.573392
2.0,225,1109.140696
0.0,225,1194.204666
3.0,225,1278.645618
2.0,225,1363.729705
3.0,225,1449.470932
2.0,225,1534.460332
0.0,225,1619.293437
2.0,225,1704.124254
