#{"env_id": "DeepmindLabNavMazeStatic01-v0", "t_start": 1568527278.6603174}
r,l,t
0.0,225,95.438117
2.0,225,179.428531
2.0,225,263.911635
0.0,225,348.300814
1.0,225,432.56694
0.0,225,516.910924
2.0,225,601.743177
1.0,225,686.624227
13.0,225,770.530395
0.0,225,855.36055
1.0,225,940.047128
2.0,225,1024.523603
1.0,225,1109.130086
1.0,225,1194.200065
11.0,225,1278.641203
3.0,225,1363.711468
2.0,225,1449.463794
2.0,225,1534.388443
12.0,225,1619.289525
3.0,225,1704.112539
