#{"env_id": "DeepmindLabNavMazeStatic01-v0", "t_start": 1568527278.680095}
r,l,t
0.0,225,95.53703
3.0,225,179.407879
3.0,225,263.899903
1.0,225,348.341316
0.0,225,432.560861
2.0,225,516.910511
2.0,225,601.724211
0.0,225,686.667211
2.0,225,770.513002
1.0,225,855.343868
2.0,225,940.03863
1.0,225,1024.653231
3.0,225,1109.11634
0.0,225,1194.186352
1.0,225,1278.622696
0.0,225,1363.694274
1.0,225,1449.444155
2.0,225,1534.420348
0.0,225,1619.263862
2.0,225,1704.093125
