#{"env_id": "DeepmindLabNavMazeStatic01-v0", "t_start": 1568527278.696276}
r,l,t
3.0,225,95.517366
2.0,225,179.403762
1.0,225,263.877703
0.0,225,348.280825
1.0,225,432.554844
3.0,225,516.874089
3.0,225,601.714667
2.0,225,686.767538
1.0,225,770.50314
3.0,225,855.343607
1.0,225,940.015497
2.0,225,1024.562728
3.0,225,1109.098855
0.0,225,1194.170915
1.0,225,1278.609779
10.0,225,1363.69335
2.0,225,1449.426124
0.0,225,1534.405411
3.0,225,1619.248726
1.0,225,1704.080837
