#{"env_id": "DeepmindLabNavMazeStatic01-v0", "t_start": 1568527278.7114844}
r,l,t
1.0,225,95.50025
0.0,225,179.38767
2.0,225,263.868207
1.0,225,348.263282
1.0,225,432.540471
2.0,225,516.868264
2.0,225,601.699385
0.0,225,686.709758
0.0,225,770.49068
0.0,225,855.313693
1.0,225,940.009603
1.0,225,1024.620089
1.0,225,1109.080929
1.0,225,1194.161527
3.0,225,1278.597505
1.0,225,1363.679971
0.0,225,1449.424495
1.0,225,1534.39022
0.0,225,1619.250908
3.0,225,1704.070536
