#{"env_id": "DeepmindLabNavMazeStatic01-v0", "t_start": 1568527278.7278106}
r,l,t
2.0,225,95.481081
0.0,225,179.376935
2.0,225,263.870567
0.0,225,348.264505
2.0,225,432.524135
2.0,225,516.859528
1.0,225,601.694319
2.0,225,686.739185
1.0,225,770.481304
1.0,225,855.309767
0.0,225,940.021687
3.0,225,1024.573344
1.0,225,1109.068914
1.0,225,1194.146562
4.0,225,1278.585925
1.0,225,1363.668864
3.0,225,1449.402468
2.0,225,1534.38165
0.0,225,1619.221052
1.0,225,1704.053967
