#{"env_id": "DeepmindLabNavMazeStatic01-v0", "t_start": 1568527278.7430136}
r,l,t
3.0,225,95.472202
12.0,225,179.366411
2.0,225,263.849571
0.0,225,348.383109
1.0,225,432.522694
0.0,225,516.846167
2.0,225,601.678799
12.0,225,686.674156
3.0,225,770.46608
3.0,225,855.296489
1.0,225,939.986738
0.0,225,1024.406101
0.0,225,1109.053068
3.0,225,1194.13089
1.0,225,1278.57435
2.0,225,1363.67873
3.0,225,1449.388016
2.0,225,1534.315189
0.0,225,1619.213607
10.0,225,1704.043292
