#{"env_id": "DeepmindLabNavMazeStatic01-v0", "t_start": 1568527278.761533}
r,l,t
2.0,225,95.456256
2.0,225,179.351996
2.0,225,263.830658
3.0,225,348.317001
1.0,225,432.501043
2.0,225,516.828322
1.0,225,601.670964
1.0,225,686.697787
0.0,225,770.453418
0.0,225,855.275854
1.0,225,939.97181
3.0,225,1024.569036
1.0,225,1109.052567
1.0,225,1194.110203
1.0,225,1278.560303
3.0,225,1363.648478
1.0,225,1449.403182
1.0,225,1534.290028
1.0,225,1619.1935
2.0,225,1704.022444
