#{"env_id": "DeepmindLabNavMazeStatic01-v0", "t_start": 1568527278.77944}
r,l,t
0.0,225,95.419788
2.0,225,179.344036
2.0,225,263.811909
0.0,225,348.251416
0.0,225,432.499687
2.0,225,516.812884
3.0,225,601.63377
2.0,225,686.539482
2.0,225,770.432637
3.0,225,855.263352
0.0,225,939.952563
1.0,225,1024.45512
10.0,225,1109.030372
5.0,225,1194.108346
3.0,225,1278.549675
1.0,225,1363.627909
1.0,225,1449.371536
2.0,225,1534.245422
3.0,225,1619.177297
3.0,225,1704.000643
