#{"env_id": "DeepmindLabNavMazeStatic01-v0", "t_start": 1568527278.7934425}
r,l,t
0.0,225,95.379528
2.0,225,179.318711
1.0,225,263.801251
0.0,225,348.262956
11.0,225,432.485461
3.0,225,516.803854
2.0,225,601.632417
2.0,225,686.527359
2.0,225,770.432697
2.0,225,855.255003
2.0,225,939.959453
3.0,225,1024.408334
3.0,225,1109.029157
2.0,225,1194.08119
1.0,225,1278.529621
10.0,225,1363.619064
2.0,225,1449.367696
1.0,225,1534.264962
0.0,225,1619.178274
0.0,225,1703.990916
