#{"env_id": "DeepmindLabNavMazeStatic01-v0", "t_start": 1568527278.836475}
r,l,t
0.0,225,95.297975
1.0,225,179.275137
2.0,225,263.761768
0.0,225,348.216638
2.0,225,432.435528
2.0,225,516.762232
1.0,225,601.595815
1.0,225,686.465245
1.0,225,770.387178
1.0,225,855.219041
1.0,225,939.929649
2.0,225,1024.421941
2.0,225,1108.991152
3.0,225,1194.042325
3.0,225,1278.485367
2.0,225,1363.576152
3.0,225,1449.318459
3.0,225,1534.211795
2.0,225,1619.132659
2.0,225,1703.951447
