#{"env_id": "DeepmindLabNavMazeStatic01-v0", "t_start": 1568527278.853866}
r,l,t
3.0,225,95.301446
0.0,225,179.265998
1.0,225,263.744922
1.0,225,348.241556
0.0,225,432.43493
2.0,225,516.753265
2.0,225,601.587407
3.0,225,686.4563
1.0,225,770.37232
1.0,225,855.201838
2.0,225,939.904084
3.0,225,1024.384177
0.0,225,1108.972618
2.0,225,1194.032279
3.0,225,1278.475338
2.0,225,1363.605977
2.0,225,1449.297721
2.0,225,1534.260058
0.0,225,1619.126264
0.0,225,1703.947247
