#{"env_id": "DeepmindLabNavMazeStatic01-v0", "t_start": 1568527278.8676443}
r,l,t
0.0,225,95.309457
0.0,225,179.255657
3.0,225,263.736479
2.0,225,348.228929
0.0,225,432.421507
1.0,225,516.746089
1.0,225,601.571815
1.0,225,686.436036
3.0,225,770.360424
0.0,225,855.196009
1.0,225,939.914447
2.0,225,1024.384783
24.0,225,1108.954928
0.0,225,1194.025168
3.0,225,1278.465731
0.0,225,1363.551553
1.0,225,1449.2925
2.0,225,1534.122352
3.0,225,1619.106127
2.0,225,1703.933685
