#{"env_id": "DeepmindLabNavMazeStatic01-v0", "t_start": 1568527278.8868203}
r,l,t
0.0,225,95.284743
1.0,225,179.238451
2.0,225,263.721394
3.0,225,348.214938
3.0,225,432.389532
0.0,225,516.733826
3.0,225,601.554979
2.0,225,686.422775
3.0,225,770.343149
1.0,225,855.16836
2.0,225,939.958939
0.0,225,1024.437157
2.0,225,1108.943864
3.0,225,1194.008451
2.0,225,1278.453697
2.0,225,1363.542519
0.0,225,1449.27383
0.0,225,1534.222076
1.0,225,1619.114311
2.0,225,1703.929243
