#{"env_id": "DeepmindLabNavMazeStatic01-v0", "t_start": 1568527278.9025528}
r,l,t
1.0,225,95.258872
3.0,225,179.22303
0.0,225,263.709305
2.0,225,348.176095
3.0,225,432.415724
2.0,225,516.715563
2.0,225,601.540801
0.0,225,686.455074
3.0,225,770.34058
2.0,225,855.159112
2.0,225,939.936782
3.0,225,1024.417467
1.0,225,1108.92628
2.0,225,1194.005128
13.0,225,1278.440854
12.0,225,1363.546883
0.0,225,1449.266619
3.0,225,1534.208869
0.0,225,1619.082927
2.0,225,1703.910293
