#{"env_id": "DeepmindLabNavMazeStatic01-v0", "t_start": 1568527278.9212296}
r,l,t
0.0,225,95.250375
2.0,225,179.207201
2.0,225,263.694015
11.0,225,348.112877
0.0,225,432.372535
1.0,225,516.693351
1.0,225,601.529766
0.0,225,686.537343
0.0,225,770.313114
0.0,225,855.139857
2.0,225,939.916292
3.0,225,1024.404301
3.0,225,1108.915252
3.0,225,1193.974532
1.0,225,1278.424284
1.0,225,1363.498036
2.0,225,1449.248405
1.0,225,1534.170155
0.0,225,1619.057941
11.0,225,1703.895284
