#{"env_id": "DeepmindLabNavMazeStatic01-v0", "t_start": 1568527278.9342074}
r,l,t
3.0,225,95.274251
0.0,225,179.207291
1.0,225,263.68198
1.0,225,348.130637
12.0,225,432.339559
2.0,225,516.687237
3.0,225,601.522122
2.0,225,686.397291
1.0,225,770.314022
0.0,225,855.127433
2.0,225,939.902808
11.0,225,1024.329954
0.0,225,1108.899804
2.0,225,1193.975221
1.0,225,1278.40878
2.0,225,1363.497291
2.0,225,1449.240764
0.0,225,1534.122818
11.0,225,1619.05126
2.0,225,1703.892056
