#{"env_id": "DeepmindLabNavMazeStatic01-v0", "t_start": 1568527278.9543362}
r,l,t
3.0,225,95.226215
3.0,225,179.185343
1.0,225,263.672096
1.0,225,348.145727
0.0,225,432.396387
1.0,225,516.669142
0.0,225,601.507069
1.0,225,686.443769
2.0,225,770.28607
3.0,225,855.121839
2.0,225,939.891434
0.0,225,1024.366221
2.0,225,1108.879659
3.0,225,1193.966971
3.0,225,1278.392105
2.0,225,1363.491508
1.0,225,1449.236576
2.0,225,1534.10044
10.0,225,1619.032644
1.0,225,1703.877739
