#{"env_id": "DeepmindLabNavMazeStatic01-v0", "t_start": 1568527278.969641}
r,l,t
3.0,225,95.198842
1.0,225,179.171881
2.0,225,263.665549
0.0,225,348.077176
0.0,225,432.349107
0.0,225,516.65471
1.0,225,601.494857
0.0,225,686.478505
2.0,225,770.2752
2.0,225,855.1092
3.0,225,939.851936
1.0,225,1024.178667
1.0,225,1108.873667
3.0,225,1193.947826
0.0,225,1278.375902
2.0,225,1363.498715
0.0,225,1449.204416
2.0,225,1534.120137
2.0,225,1619.013191
2.0,225,1703.851671
