#{"env_id": "DeepmindLabNavMazeStatic01-v0", "t_start": 1568527278.9867003}
r,l,t
0.0,225,95.229743
2.0,225,179.16764
1.0,225,263.648508
3.0,225,348.131539
0.0,225,432.372413
2.0,225,516.645584
1.0,225,601.47537
3.0,225,686.3605
1.0,225,770.271101
2.0,225,855.096692
3.0,225,939.826654
1.0,225,1024.251195
1.0,225,1108.850189
1.0,225,1193.932937
1.0,225,1278.369444
1.0,225,1363.468404
3.0,225,1449.184808
3.0,225,1534.019041
3.0,225,1619.017593
0.0,225,1703.84101
