#{"t_start": 1568525991.4192514, "env_id": "DeepmindLabNavMazeStatic01-v0"}
r,l,t
12.0,225,105.798192
2.0,225,207.369999
2.0,225,308.224323
3.0,225,410.073861
1.0,225,502.546771
4.0,225,603.415962
2.0,225,705.049124
3.0,225,805.331795
3.0,225,896.943733
3.0,225,997.375354
