#{"t_start": 1568525991.4369285, "env_id": "DeepmindLabNavMazeStatic01-v0"}
r,l,t
1.0,225,105.784526
1.0,225,207.358914
3.0,225,308.20812
2.0,225,410.060394
1.0,225,502.510054
2.0,225,603.405112
0.0,225,705.034004
0.0,225,805.314047
2.0,225,896.9253
3.0,225,997.355124
