#{"t_start": 1568525991.4503005, "env_id": "DeepmindLabNavMazeStatic01-v0"}
r,l,t
2.0,225,105.771833
0.0,225,207.34317
3.0,225,308.191201
1.0,225,410.040334
3.0,225,502.493711
0.0,225,603.407361
12.0,225,705.020983
2.0,225,805.329558
0.0,225,896.914485
0.0,225,997.352537
