#{"t_start": 1568525991.4606113, "env_id": "DeepmindLabNavMazeStatic01-v0"}
r,l,t
15.0,225,105.756159
2.0,225,207.336964
2.0,225,308.18992
2.0,225,410.036713
2.0,225,502.4834
0.0,225,603.381178
3.0,225,705.007528
3.0,225,805.293134
3.0,225,896.912695
0.0,225,997.324909
