#{"t_start": 1568525991.4765713, "env_id": "DeepmindLabNavMazeStatic01-v0"}
r,l,t
1.0,225,105.743198
1.0,225,207.313729
3.0,225,308.168358
0.0,225,410.021869
1.0,225,502.468772
12.0,225,603.363988
0.0,225,704.99072
0.0,225,805.274509
2.0,225,896.890144
3.0,225,997.309525
