#{"t_start": 1568525991.4945405, "env_id": "DeepmindLabNavMazeStatic01-v0"}
r,l,t
12.0,225,105.719887
0.0,225,207.31633
0.0,225,308.155779
1.0,225,409.999368
2.0,225,502.458106
2.0,225,603.33755
3.0,225,704.972343
1.0,225,805.256963
0.0,225,896.868007
10.0,225,997.296108
