#{"t_start": 1568525991.507582, "env_id": "DeepmindLabNavMazeStatic01-v0"}
r,l,t
1.0,225,105.704395
1.0,225,207.289187
3.0,225,308.137664
0.0,225,409.982347
2.0,225,502.444584
1.0,225,603.35371
2.0,225,704.958359
0.0,225,805.248468
3.0,225,896.858142
0.0,225,997.274669
