#{"t_start": 1568525991.5253966, "env_id": "DeepmindLabNavMazeStatic01-v0"}
r,l,t
12.0,225,105.711396
0.0,225,207.267298
1.0,225,308.117608
2.0,225,409.969539
2.0,225,502.446318
1.0,225,603.312644
3.0,225,704.961499
1.0,225,805.254146
2.0,225,896.842304
2.0,225,997.258876
