#{"t_start": 1568525991.539757, "env_id": "DeepmindLabNavMazeStatic01-v0"}
r,l,t
1.0,225,105.692043
1.0,225,207.256123
2.0,225,308.101299
0.0,225,409.947881
3.0,225,502.438972
1.0,225,603.296193
2.0,225,704.923967
0.0,225,805.223131
2.0,225,896.831432
3.0,225,997.244742
