#{"t_start": 1568525991.556815, "env_id": "DeepmindLabNavMazeStatic01-v0"}
r,l,t
2.0,225,105.661597
0.0,225,207.239303
3.0,225,308.112955
3.0,225,409.938347
1.0,225,502.390581
3.0,225,603.276987
3.0,225,704.913627
0.0,225,805.219338
1.0,225,896.808874
3.0,225,997.235237
