#{"t_start": 1568525991.5698185, "env_id": "DeepmindLabNavMazeStatic01-v0"}
r,l,t
2.0,225,105.652152
1.0,225,207.22235
2.0,225,308.070717
1.0,225,409.923931
3.0,225,502.430568
2.0,225,603.264128
3.0,225,704.899493
2.0,225,805.182216
2.0,225,896.79973
2.0,225,997.219045
