#{"t_start": 1568525993.054471, "env_id": "DeepmindLabNavMazeStatic01-v0"}
r,l,t
1.0,225,104.426731
0.0,225,206.09411
3.0,225,306.928498
1.0,225,408.734082
2.0,225,501.165945
0.0,225,602.074936
3.0,225,703.718533
1.0,225,803.982877
3.0,225,895.612064
3.0,225,996.020905
