#{"t_start": 1568525993.0680964, "env_id": "DeepmindLabNavMazeStatic01-v0"}
r,l,t
13.0,225,104.434982
3.0,225,206.027148
2.0,225,306.91682
0.0,225,408.731088
1.0,225,501.158921
0.0,225,602.054471
2.0,225,703.738801
2.0,225,804.035472
13.0,225,895.596414
2.0,225,996.013973
