#{"t_start": 1568525993.0886786, "env_id": "DeepmindLabNavMazeStatic01-v0"}
r,l,t
2.0,225,104.435343
2.0,225,206.066194
3.0,225,306.922128
3.0,225,408.705945
2.0,225,501.157553
0.0,225,602.044104
3.0,225,703.694731
13.0,225,804.007889
3.0,225,895.577991
3.0,225,996.002017
