#{"t_start": 1568525993.1043503, "env_id": "DeepmindLabNavMazeStatic01-v0"}
r,l,t
1.0,225,104.461267
2.0,225,206.052933
3.0,225,306.89308
2.0,225,408.694995
3.0,225,501.082981
3.0,225,602.02253
0.0,225,703.720439
0.0,225,803.976342
3.0,225,895.561409
3.0,225,995.989634
