#{"t_start": 1568525993.1204927, "env_id": "DeepmindLabNavMazeStatic01-v0"}
r,l,t
2.0,225,104.433956
11.0,225,206.05029
1.0,225,306.824699
2.0,225,408.678977
3.0,225,501.101131
2.0,225,602.012695
3.0,225,703.674834
0.0,225,803.973885
1.0,225,895.542858
2.0,225,995.970596
