#{"t_start": 1568525993.1352801, "env_id": "DeepmindLabNavMazeStatic01-v0"}
r,l,t
2.0,225,104.428035
3.0,225,206.019951
2.0,225,306.860686
2.0,225,408.678154
3.0,225,501.078454
3.0,225,602.018992
0.0,225,703.681702
3.0,225,803.902808
3.0,225,895.537273
0.0,225,995.964737
