#{"t_start": 1568525993.152477, "env_id": "DeepmindLabNavMazeStatic01-v0"}
r,l,t
1.0,225,104.421124
1.0,225,205.977031
2.0,225,306.649848
2.0,225,408.65848
3.0,225,501.034751
2.0,225,601.992307
3.0,225,703.655612
3.0,225,803.935754
3.0,225,895.524016
3.0,225,995.94402
