#{"t_start": 1568525993.1689916, "env_id": "DeepmindLabNavMazeStatic01-v0"}
r,l,t
0.0,225,104.394576
2.0,225,205.957844
1.0,225,306.818003
0.0,225,408.640914
1.0,225,501.127058
3.0,225,601.978714
3.0,225,703.658442
1.0,225,803.907554
0.0,225,895.519115
1.0,225,995.916066
