#{"t_start": 1568525993.1845016, "env_id": "DeepmindLabNavMazeStatic01-v0"}
r,l,t
2.0,225,104.300119
3.0,225,205.939208
11.0,225,306.819494
0.0,225,408.625018
0.0,225,501.029422
3.0,225,601.961878
0.0,225,703.644321
3.0,225,803.923941
12.0,225,895.513498
2.0,225,995.911869
