#{"t_start": 1568525993.2033896, "env_id": "DeepmindLabNavMazeStatic01-v0"}
r,l,t
13.0,225,104.309121
0.0,225,205.951292
1.0,225,306.609251
0.0,225,408.616857
3.0,225,501.074248
0.0,225,601.949994
2.0,225,703.593502
1.0,225,803.876986
2.0,225,895.494549
1.0,225,995.908591
