#{"t_start": 1568525991.5836217, "env_id": "DeepmindLabNavMazeStatic01-v0"}
r,l,t
13.0,225,105.632883
1.0,225,207.211004
0.0,225,308.062809
3.0,225,409.903968
2.0,225,502.364668
3.0,225,603.256845
3.0,225,704.884868
2.0,225,805.168972
3.0,225,896.788139
3.0,225,997.205802
