#{"t_start": 1568525993.2193844, "env_id": "DeepmindLabNavMazeStatic01-v0"}
r,l,t
2.0,225,104.342148
1.0,225,205.903207
2.0,225,306.759026
2.0,225,408.606355
0.0,225,500.953247
1.0,225,601.932727
3.0,225,703.579439
3.0,225,803.858858
0.0,225,895.478782
3.0,225,995.903504
