#{"t_start": 1568525993.2376983, "env_id": "DeepmindLabNavMazeStatic01-v0"}
r,l,t
14.0,225,104.311356
1.0,225,205.897456
1.0,225,306.556587
1.0,225,408.599548
1.0,225,500.938209
2.0,225,601.923989
1.0,225,703.575829
0.0,225,803.850082
0.0,225,895.460584
0.0,225,995.87768
