#{"t_start": 1568525993.2547822, "env_id": "DeepmindLabNavMazeStatic01-v0"}
r,l,t
12.0,225,104.303131
0.0,225,205.872875
3.0,225,306.519263
2.0,225,408.578631
3.0,225,501.056255
0.0,225,601.906978
0.0,225,703.509991
3.0,225,803.791167
3.0,225,895.452897
1.0,225,995.861646
