#{"t_start": 1568525993.2724197, "env_id": "DeepmindLabNavMazeStatic01-v0"}
r,l,t
1.0,225,104.265365
0.0,225,205.823431
2.0,225,306.535023
1.0,225,408.565257
2.0,225,501.002808
3.0,225,601.899952
1.0,225,703.481956
3.0,225,803.813005
3.0,225,895.434048
1.0,225,995.848625
