#{"t_start": 1568525993.2888796, "env_id": "DeepmindLabNavMazeStatic01-v0"}
r,l,t
2.0,225,104.247185
3.0,225,205.839597
2.0,225,306.511922
3.0,225,408.552423
0.0,225,500.970399
2.0,225,601.880781
3.0,225,703.519048
0.0,225,803.747463
3.0,225,895.408467
3.0,225,995.829811
