#{"t_start": 1568525993.3052814, "env_id": "DeepmindLabNavMazeStatic01-v0"}
r,l,t
13.0,225,104.249192
4.0,225,205.764699
2.0,225,306.506134
1.0,225,408.536234
11.0,225,500.984838
3.0,225,601.866379
0.0,225,703.451406
0.0,225,803.753791
2.0,225,895.408431
3.0,225,995.824071
