#{"t_start": 1568525993.3217924, "env_id": "DeepmindLabNavMazeStatic01-v0"}
r,l,t
2.0,225,104.241958
3.0,225,205.830129
3.0,225,306.466128
3.0,225,408.522865
3.0,225,500.965962
1.0,225,601.851133
0.0,225,703.442334
3.0,225,803.724914
0.0,225,895.386449
1.0,225,995.815565
