#{"t_start": 1568525993.3365278, "env_id": "DeepmindLabNavMazeStatic01-v0"}
r,l,t
1.0,225,104.19137
0.0,225,205.723964
2.0,225,306.438989
3.0,225,408.50191
2.0,225,500.841333
3.0,225,601.839382
3.0,225,703.427598
3.0,225,803.711695
2.0,225,895.380391
1.0,225,995.796541
