#{"t_start": 1568525993.353755, "env_id": "DeepmindLabNavMazeStatic01-v0"}
r,l,t
2.0,225,104.197384
1.0,225,205.723343
0.0,225,306.474941
2.0,225,408.489293
0.0,225,500.826844
0.0,225,601.828378
2.0,225,703.418935
2.0,225,803.690845
1.0,225,895.359922
2.0,225,995.782712
