#{"t_start": 1568525993.3688788, "env_id": "DeepmindLabNavMazeStatic01-v0"}
r,l,t
2.0,225,104.173616
1.0,225,205.781634
2.0,225,306.429931
14.0,225,408.483956
1.0,225,500.889597
1.0,225,601.815682
1.0,225,703.41572
2.0,225,803.703837
0.0,225,895.348181
2.0,225,995.766389
