#{"t_start": 1568525991.5970452, "env_id": "DeepmindLabNavMazeStatic01-v0"}
r,l,t
2.0,225,105.620246
2.0,225,207.284409
0.0,225,308.049491
0.0,225,409.894192
11.0,225,502.368114
3.0,225,603.238604
1.0,225,704.870825
2.0,225,805.156059
0.0,225,896.772787
0.0,225,997.190552
