#{"t_start": 1568525993.3861582, "env_id": "DeepmindLabNavMazeStatic01-v0"}
r,l,t
12.0,225,104.170747
0.0,225,205.677444
2.0,225,306.405468
2.0,225,408.465992
2.0,225,500.88477
3.0,225,601.806669
3.0,225,703.435915
0.0,225,803.681942
4.0,225,895.335538
3.0,225,995.750585
