#{"t_start": 1568525993.404892, "env_id": "DeepmindLabNavMazeStatic01-v0"}
r,l,t
2.0,225,104.145309
3.0,225,205.674489
23.0,225,306.365915
3.0,225,408.448429
1.0,225,500.849888
1.0,225,601.78972
2.0,225,703.381693
0.0,225,803.688587
2.0,225,895.327247
3.0,225,995.729376
