#{"t_start": 1568525993.4210865, "env_id": "DeepmindLabNavMazeStatic01-v0"}
r,l,t
1.0,225,104.1211
3.0,225,205.649397
3.0,225,306.369263
1.0,225,408.441402
11.0,225,500.822643
2.0,225,601.775607
3.0,225,703.370523
3.0,225,803.674287
0.0,225,895.317345
0.0,225,995.708804
