#{"t_start": 1568525993.4368672, "env_id": "DeepmindLabNavMazeStatic01-v0"}
r,l,t
1.0,225,104.137906
1.0,225,205.64781
1.0,225,306.384814
2.0,225,408.421245
1.0,225,500.825756
1.0,225,601.754673
0.0,225,703.364628
1.0,225,803.651558
3.0,225,895.296767
1.0,225,995.713001
