#{"t_start": 1568525993.4528954, "env_id": "DeepmindLabNavMazeStatic01-v0"}
r,l,t
2.0,225,104.104899
0.0,225,205.634588
0.0,225,306.364208
3.0,225,408.412499
3.0,225,500.834365
1.0,225,601.754005
2.0,225,703.362485
2.0,225,803.654263
1.0,225,895.279323
2.0,225,995.700393
