#{"t_start": 1568525993.46972, "env_id": "DeepmindLabNavMazeStatic01-v0"}
r,l,t
12.0,225,104.114052
3.0,225,205.620545
2.0,225,306.298684
1.0,225,408.405003
2.0,225,500.839347
3.0,225,601.728378
2.0,225,703.357716
1.0,225,803.638535
0.0,225,895.271802
3.0,225,995.68654
