#{"t_start": 1568525993.4869816, "env_id": "DeepmindLabNavMazeStatic01-v0"}
r,l,t
1.0,225,104.09705
1.0,225,205.601404
2.0,225,306.326424
3.0,225,408.393339
3.0,225,500.815015
0.0,225,601.719309
3.0,225,703.348608
3.0,225,803.631504
0.0,225,895.248277
3.0,225,995.679145
