#{"t_start": 1568525993.5361698, "env_id": "DeepmindLabNavMazeStatic01-v0"}
r,l,t
13.0,225,104.058668
4.0,225,205.544212
2.0,225,306.238195
0.0,225,408.341637
3.0,225,500.724942
0.0,225,601.65994
3.0,225,703.300958
1.0,225,803.590002
2.0,225,895.209344
1.0,225,995.622636
