#{"t_start": 1568525991.6261854, "env_id": "DeepmindLabNavMazeStatic01-v0"}
r,l,t
2.0,225,105.59491
3.0,225,207.177598
1.0,225,308.016702
2.0,225,409.886814
2.0,225,502.321325
3.0,225,603.210009
3.0,225,704.866087
3.0,225,805.128815
1.0,225,896.760038
11.0,225,997.185756
