#{"t_start": 1568525991.637094, "env_id": "DeepmindLabNavMazeStatic01-v0"}
r,l,t
4.0,225,105.610559
3.0,225,207.235219
3.0,225,308.027467
1.0,225,409.893232
2.0,225,502.350273
2.0,225,603.223259
0.0,225,704.855383
1.0,225,805.120241
2.0,225,896.757382
3.0,225,997.173131
