#{"t_start": 1568525991.6532536, "env_id": "DeepmindLabNavMazeStatic01-v0"}
r,l,t
13.0,225,105.59128
3.0,225,207.173117
3.0,225,308.033468
0.0,225,409.875679
3.0,225,502.351809
3.0,225,603.207109
2.0,225,704.844287
2.0,225,805.127851
1.0,225,896.748929
2.0,225,997.162425
