#{"t_start": 1568525991.6690848, "env_id": "DeepmindLabNavMazeStatic01-v0"}
r,l,t
1.0,225,105.583858
0.0,225,207.185147
1.0,225,308.023551
0.0,225,409.855626
2.0,225,502.357284
3.0,225,603.196507
3.0,225,704.839056
2.0,225,805.095291
2.0,225,896.739433
10.0,225,997.155555
