#{"t_start": 1568525991.6833963, "env_id": "DeepmindLabNavMazeStatic01-v0"}
r,l,t
12.0,225,105.623335
0.0,225,207.193763
1.0,225,308.001208
3.0,225,409.849969
3.0,225,502.32528
3.0,225,603.189542
3.0,225,704.825492
3.0,225,805.106322
1.0,225,896.725695
3.0,225,997.146851
