#{"t_start": 1568525991.6996584, "env_id": "DeepmindLabNavMazeStatic01-v0"}
r,l,t
2.0,225,105.560503
3.0,225,207.146539
0.0,225,307.985166
2.0,225,409.832515
2.0,225,502.285126
3.0,225,603.182235
2.0,225,704.80839
0.0,225,805.089126
3.0,225,896.707778
3.0,225,997.122834
