#{"t_start": 1568525991.7175593, "env_id": "DeepmindLabNavMazeStatic01-v0"}
r,l,t
13.0,225,105.54487
0.0,225,207.146649
2.0,225,307.977109
3.0,225,409.812723
2.0,225,502.302828
2.0,225,603.155231
2.0,225,704.791836
11.0,225,805.073819
3.0,225,896.690606
3.0,225,997.111888
