#{"t_start": 1568525991.7327132, "env_id": "DeepmindLabNavMazeStatic01-v0"}
r,l,t
2.0,225,105.527521
0.0,225,207.118028
2.0,225,307.9536
1.0,225,409.805073
2.0,225,502.291273
3.0,225,603.155021
0.0,225,704.780984
10.0,225,805.061419
0.0,225,896.677779
2.0,225,997.092686
