#{"t_start": 1568525991.7465396, "env_id": "DeepmindLabNavMazeStatic01-v0"}
r,l,t
12.0,225,105.513944
0.0,225,207.098208
1.0,225,307.942615
3.0,225,409.792762
3.0,225,502.239235
3.0,225,603.14098
3.0,225,704.767895
1.0,225,805.049213
0.0,225,896.667328
2.0,225,997.082517
