#{"t_start": 1568525991.7635896, "env_id": "DeepmindLabNavMazeStatic01-v0"}
r,l,t
1.0,225,105.501485
2.0,225,207.062963
0.0,225,307.93016
2.0,225,409.779172
21.0,225,502.244403
3.0,225,603.125912
1.0,225,704.753056
2.0,225,805.039674
0.0,225,896.64947
3.0,225,997.066817
