#{"t_start": 1568525991.7812748, "env_id": "DeepmindLabNavMazeStatic01-v0"}
r,l,t
1.0,225,105.484415
3.0,225,207.047162
1.0,225,307.907406
2.0,225,409.759018
3.0,225,502.190594
3.0,225,603.098618
2.0,225,704.734076
1.0,225,805.021989
3.0,225,896.628802
2.0,225,997.053093
