#{"t_start": 1568525991.7930875, "env_id": "DeepmindLabNavMazeStatic01-v0"}
r,l,t
14.0,225,105.474006
0.0,225,207.037386
2.0,225,307.901447
0.0,225,409.761751
0.0,225,502.182052
1.0,225,603.091026
0.0,225,704.71824
0.0,225,805.002327
2.0,225,896.617824
2.0,225,997.041022
