#{"t_start": 1568525991.8090897, "env_id": "DeepmindLabNavMazeStatic01-v0"}
r,l,t
2.0,225,105.461161
1.0,225,207.018429
2.0,225,307.884192
3.0,225,409.727119
2.0,225,502.151834
12.0,225,603.074438
1.0,225,704.724302
0.0,225,804.996341
1.0,225,896.602437
2.0,225,997.024224
