#{"t_start": 1568525991.8245206, "env_id": "DeepmindLabNavMazeStatic01-v0"}
r,l,t
1.0,225,105.445672
0.0,225,207.064826
1.0,225,307.874788
2.0,225,409.738929
0.0,225,502.179115
0.0,225,603.070765
2.0,225,704.706786
0.0,225,804.982902
1.0,225,896.605772
0.0,225,997.024162
