#{"t_start": 1568525991.8447802, "env_id": "DeepmindLabNavMazeStatic01-v0"}
r,l,t
2.0,225,105.435856
1.0,225,207.015608
1.0,225,307.856396
1.0,225,409.713111
2.0,225,502.173436
3.0,225,603.063597
2.0,225,704.685484
3.0,225,804.995601
2.0,225,896.589673
3.0,225,997.007623
