#{"t_start": 1568525991.8576932, "env_id": "DeepmindLabNavMazeStatic01-v0"}
r,l,t
0.0,225,105.42959
2.0,225,207.006542
3.0,225,307.851779
13.0,225,409.707099
2.0,225,502.138832
2.0,225,603.042875
0.0,225,704.674115
2.0,225,804.961654
2.0,225,896.593331
0.0,225,996.999578
