#{"t_start": 1568525991.8709438, "env_id": "DeepmindLabNavMazeStatic01-v0"}
r,l,t
13.0,225,105.440008
10.0,225,206.991886
0.0,225,307.900317
3.0,225,409.697428
2.0,225,502.152269
2.0,225,603.035729
2.0,225,704.6612
3.0,225,804.978597
0.0,225,896.572253
0.0,225,996.992809
