#{"t_start": 1568525991.890234, "env_id": "DeepmindLabNavMazeStatic01-v0"}
r,l,t
2.0,225,105.401109
0.0,225,206.973905
2.0,225,307.83642
2.0,225,409.693134
12.0,225,502.128351
3.0,225,603.0162
3.0,225,704.664065
3.0,225,804.932646
0.0,225,896.561366
2.0,225,996.96917
