#{"t_start": 1568525991.9062407, "env_id": "DeepmindLabNavMazeStatic01-v0"}
r,l,t
2.0,225,105.531924
4.0,225,206.960378
3.0,225,307.824168
2.0,225,409.665157
2.0,225,502.102166
13.0,225,603.01249
3.0,225,704.642902
1.0,225,804.932969
2.0,225,896.547227
2.0,225,996.961262
