#{"t_start": 1568525991.921611, "env_id": "DeepmindLabNavMazeStatic01-v0"}
r,l,t
13.0,225,105.538681
3.0,225,206.961599
3.0,225,307.809264
2.0,225,409.655257
2.0,225,502.090594
3.0,225,603.000503
0.0,225,704.631119
2.0,225,804.909147
4.0,225,896.523928
3.0,225,996.950958
