#{"t_start": 1568525991.9405255, "env_id": "DeepmindLabNavMazeStatic01-v0"}
r,l,t
1.0,225,105.474949
1.0,225,206.947056
3.0,225,307.790304
3.0,225,409.644066
3.0,225,502.074549
0.0,225,602.984277
3.0,225,704.610497
2.0,225,804.89459
13.0,225,896.496215
10.0,225,996.929216
