#{"t_start": 1568525991.946109, "env_id": "DeepmindLabNavMazeStatic01-v0"}
r,l,t
2.0,225,105.493933
2.0,225,206.914901
0.0,225,307.786514
3.0,225,409.628418
1.0,225,502.064581
2.0,225,602.976604
0.0,225,704.608675
3.0,225,804.887161
0.0,225,896.494177
0.0,225,996.920929
