#{"t_start": 1568525991.9680078, "env_id": "DeepmindLabNavMazeStatic01-v0"}
r,l,t
0.0,225,105.447661
1.0,225,206.904406
2.0,225,307.79
0.0,225,409.608045
3.0,225,502.068364
1.0,225,602.96629
2.0,225,704.590243
2.0,225,804.866628
2.0,225,896.472436
0.0,225,996.9062
