#{"t_start": 1568525991.983369, "env_id": "DeepmindLabNavMazeStatic01-v0"}
r,l,t
1.0,225,105.438236
1.0,225,206.866462
3.0,225,307.763167
3.0,225,409.596105
2.0,225,502.055275
10.0,225,602.939005
1.0,225,704.572104
1.0,225,804.858354
2.0,225,896.469449
3.0,225,996.885823
