#{"t_start": 1568525991.9966547, "env_id": "DeepmindLabNavMazeStatic01-v0"}
r,l,t
2.0,225,105.392572
2.0,225,206.89512
2.0,225,307.759264
3.0,225,409.587937
2.0,225,502.049669
1.0,225,602.932037
1.0,225,704.566654
3.0,225,804.874058
0.0,225,896.457391
2.0,225,996.887496
