#{"t_start": 1568525992.0157812, "env_id": "DeepmindLabNavMazeStatic01-v0"}
r,l,t
2.0,225,105.405249
1.0,225,206.884189
2.0,225,307.765956
2.0,225,409.572081
1.0,225,502.048071
3.0,225,602.912047
1.0,225,704.543845
2.0,225,804.82989
3.0,225,896.441793
2.0,225,996.866444
