#{"t_start": 1568525992.0288324, "env_id": "DeepmindLabNavMazeStatic01-v0"}
r,l,t
1.0,225,105.405058
0.0,225,206.858457
10.0,225,307.705193
1.0,225,409.567075
0.0,225,502.02596
0.0,225,602.90027
1.0,225,704.540028
11.0,225,804.821041
2.0,225,896.443464
2.0,225,996.842861
