#{"t_start": 1568525992.0445385, "env_id": "DeepmindLabNavMazeStatic01-v0"}
r,l,t
12.0,225,105.397147
0.0,225,206.851848
0.0,225,307.700042
0.0,225,409.556463
0.0,225,502.006619
3.0,225,602.890868
2.0,225,704.528767
1.0,225,804.818963
2.0,225,896.438698
1.0,225,996.847885
