#{"t_start": 1568525992.0607533, "env_id": "DeepmindLabNavMazeStatic01-v0"}
r,l,t
1.0,225,105.383997
2.0,225,206.840419
12.0,225,307.847637
0.0,225,409.547494
2.0,225,501.993126
2.0,225,602.89643
0.0,225,704.514072
0.0,225,804.802482
1.0,225,896.417494
3.0,225,996.839554
