#{"t_start": 1568525992.076861, "env_id": "DeepmindLabNavMazeStatic01-v0"}
r,l,t
12.0,225,105.254
3.0,225,206.831081
1.0,225,307.690028
2.0,225,409.525306
3.0,225,501.981992
3.0,225,602.873999
2.0,225,704.497937
2.0,225,804.787323
1.0,225,896.400269
0.0,225,996.825413
