#{"t_start": 1568525992.0959625, "env_id": "DeepmindLabNavMazeStatic01-v0"}
r,l,t
1.0,225,105.277476
0.0,225,206.818895
0.0,225,307.827565
3.0,225,409.518985
3.0,225,501.963678
4.0,225,602.858184
0.0,225,704.487694
3.0,225,804.760859
3.0,225,896.374744
3.0,225,996.806309
