#{"t_start": 1568525992.1144152, "env_id": "DeepmindLabNavMazeStatic01-v0"}
r,l,t
0.0,225,105.29311
3.0,225,206.7912
4.0,225,307.842412
0.0,225,409.501064
2.0,225,501.948543
1.0,225,602.831215
3.0,225,704.473747
0.0,225,804.745978
0.0,225,896.374121
0.0,225,996.793485
