#{"t_start": 1568525992.1240406, "env_id": "DeepmindLabNavMazeStatic01-v0"}
r,l,t
2.0,225,105.250696
1.0,225,206.794094
11.0,225,307.843281
3.0,225,409.496846
1.0,225,501.940796
3.0,225,602.834632
0.0,225,704.471823
1.0,225,804.743589
3.0,225,896.364357
0.0,225,996.785685
