#{"t_start": 1568525992.14355, "env_id": "DeepmindLabNavMazeStatic01-v0"}
r,l,t
13.0,225,105.260196
3.0,225,206.770804
2.0,225,307.859949
2.0,225,409.47541
3.0,225,501.923845
14.0,225,602.816204
1.0,225,704.448564
2.0,225,804.717044
2.0,225,896.348203
3.0,225,996.765385
