#{"t_start": 1568525992.155481, "env_id": "DeepmindLabNavMazeStatic01-v0"}
r,l,t
1.0,225,105.152472
2.0,225,206.76906
2.0,225,307.838316
1.0,225,409.46954
0.0,225,501.908661
2.0,225,602.818291
0.0,225,704.441563
0.0,225,804.693987
0.0,225,896.321722
3.0,225,996.754668
