#{"t_start": 1568525992.1813312, "env_id": "DeepmindLabNavMazeStatic01-v0"}
r,l,t
2.0,225,105.243779
1.0,225,206.739814
0.0,225,307.826504
0.0,225,409.453369
0.0,225,501.897633
3.0,225,602.793382
3.0,225,704.412792
3.0,225,804.696363
2.0,225,896.320673
3.0,225,996.725371
