#{"t_start": 1568525992.1981905, "env_id": "DeepmindLabNavMazeStatic01-v0"}
r,l,t
13.0,225,105.235569
0.0,225,206.726648
0.0,225,307.808215
0.0,225,409.435086
1.0,225,501.875253
1.0,225,602.75259
1.0,225,704.40606
2.0,225,804.682288
0.0,225,896.295483
0.0,225,996.717469
