#{"t_start": 1568525992.2155147, "env_id": "DeepmindLabNavMazeStatic01-v0"}
r,l,t
2.0,225,105.229985
2.0,225,206.718372
1.0,225,307.795686
0.0,225,409.420264
0.0,225,501.866562
2.0,225,602.75543
3.0,225,704.383689
2.0,225,804.671962
13.0,225,896.277138
3.0,225,996.695181
