#{"t_start": 1568525992.228778, "env_id": "DeepmindLabNavMazeStatic01-v0"}
r,l,t
2.0,225,105.120489
1.0,225,206.709872
0.0,225,307.783194
1.0,225,409.410006
1.0,225,501.857579
1.0,225,602.746366
0.0,225,704.37261
2.0,225,804.660464
3.0,225,896.269655
2.0,225,996.693706
