#{"t_start": 1568525992.245614, "env_id": "DeepmindLabNavMazeStatic01-v0"}
r,l,t
13.0,225,105.254827
2.0,225,206.691082
3.0,225,307.758916
1.0,225,409.3951
3.0,225,501.898253
1.0,225,602.725636
3.0,225,704.359757
0.0,225,804.651165
0.0,225,896.257105
12.0,225,996.685089
