#{"t_start": 1568525992.2632446, "env_id": "DeepmindLabNavMazeStatic01-v0"}
r,l,t
12.0,225,105.11755
3.0,225,206.674948
22.0,225,307.744037
2.0,225,409.373378
0.0,225,501.858947
1.0,225,602.712674
2.0,225,704.348346
2.0,225,804.640843
1.0,225,896.252057
2.0,225,996.666399
