#{"t_start": 1568525992.2765193, "env_id": "DeepmindLabNavMazeStatic01-v0"}
r,l,t
2.0,225,105.091093
2.0,225,206.667391
2.0,225,307.725496
1.0,225,409.363114
2.0,225,501.877388
3.0,225,602.698449
2.0,225,704.340151
3.0,225,804.621183
3.0,225,896.246008
2.0,225,996.653288
