#{"t_start": 1568525992.291988, "env_id": "DeepmindLabNavMazeStatic01-v0"}
r,l,t
2.0,225,105.167417
0.0,225,206.668237
1.0,225,307.686402
0.0,225,409.358931
3.0,225,501.903552
0.0,225,602.691669
0.0,225,704.320099
0.0,225,804.606212
0.0,225,896.225796
0.0,225,996.644295
