#{"t_start": 1568525992.30833, "env_id": "DeepmindLabNavMazeStatic01-v0"}
r,l,t
1.0,225,105.172596
1.0,225,206.638337
2.0,225,307.540701
3.0,225,409.345965
3.0,225,501.804815
3.0,225,602.683127
2.0,225,704.318116
1.0,225,804.58977
0.0,225,896.211844
2.0,225,996.637455
