#{"t_start": 1568525992.3275476, "env_id": "DeepmindLabNavMazeStatic01-v0"}
r,l,t
2.0,225,105.122352
3.0,225,206.634393
1.0,225,307.574475
0.0,225,409.328547
12.0,225,501.802176
1.0,225,602.671066
13.0,225,704.304834
3.0,225,804.580359
0.0,225,896.19128
10.0,225,996.626104
