#{"t_start": 1568525992.3409204, "env_id": "DeepmindLabNavMazeStatic01-v0"}
r,l,t
2.0,225,105.122483
2.0,225,206.613272
10.0,225,307.581144
1.0,225,409.315953
1.0,225,501.812034
3.0,225,602.660902
1.0,225,704.292048
3.0,225,804.561795
0.0,225,896.18361
3.0,225,996.616072
