#{"t_start": 1568525992.358064, "env_id": "DeepmindLabNavMazeStatic01-v0"}
r,l,t
13.0,225,104.950295
3.0,225,206.595104
3.0,225,307.51788
2.0,225,409.3036
1.0,225,501.909878
2.0,225,602.643849
3.0,225,704.271755
2.0,225,804.538681
0.0,225,896.165403
0.0,225,996.596254
