#{"t_start": 1568525992.3740952, "env_id": "DeepmindLabNavMazeStatic01-v0"}
r,l,t
13.0,225,105.020084
0.0,225,206.58712
2.0,225,307.539161
2.0,225,409.293699
2.0,225,501.824624
1.0,225,602.634446
2.0,225,704.256244
2.0,225,804.537138
3.0,225,896.169726
1.0,225,996.58461
