#{"t_start": 1568525992.3882132, "env_id": "DeepmindLabNavMazeStatic01-v0"}
r,l,t
1.0,225,105.107243
2.0,225,206.568264
1.0,225,307.506202
2.0,225,409.280558
0.0,225,501.91371
3.0,225,602.612906
2.0,225,704.24447
1.0,225,804.534097
2.0,225,896.147547
2.0,225,996.563772
