#{"t_start": 1568525992.405856, "env_id": "DeepmindLabNavMazeStatic01-v0"}
r,l,t
0.0,225,105.072484
2.0,225,206.577736
3.0,225,307.476863
1.0,225,409.271816
3.0,225,501.708997
1.0,225,602.598675
1.0,225,704.224955
3.0,225,804.514922
0.0,225,896.126571
2.0,225,996.562706
