#{"t_start": 1568525992.4225583, "env_id": "DeepmindLabNavMazeStatic01-v0"}
r,l,t
12.0,225,105.075759
1.0,225,206.537908
3.0,225,307.483587
1.0,225,409.254324
3.0,225,501.854502
3.0,225,602.597512
0.0,225,704.221256
2.0,225,804.49672
2.0,225,896.113203
3.0,225,996.525628
