#{"t_start": 1568525992.4366133, "env_id": "DeepmindLabNavMazeStatic01-v0"}
r,l,t
2.0,225,105.047227
2.0,225,206.54134
0.0,225,307.509104
0.0,225,409.242894
2.0,225,501.718948
2.0,225,602.57539
2.0,225,704.208236
3.0,225,804.488646
0.0,225,896.105059
1.0,225,996.517674
