#{"t_start": 1568525992.454485, "env_id": "DeepmindLabNavMazeStatic01-v0"}
r,l,t
2.0,225,104.96357
0.0,225,206.520575
1.0,225,307.468152
0.0,225,409.230592
2.0,225,501.771789
1.0,225,602.577856
11.0,225,704.190315
0.0,225,804.477598
3.0,225,896.092288
3.0,225,996.503555
