#{"t_start": 1568525992.4709451, "env_id": "DeepmindLabNavMazeStatic01-v0"}
r,l,t
2.0,225,105.00408
1.0,225,206.505681
2.0,225,307.415767
4.0,225,409.208926
3.0,225,501.752632
1.0,225,602.544908
0.0,225,704.19154
3.0,225,804.466365
1.0,225,896.074608
3.0,225,996.50031
