#{"t_start": 1568525992.4850168, "env_id": "DeepmindLabNavMazeStatic01-v0"}
r,l,t
1.0,225,104.926019
3.0,225,206.498793
2.0,225,307.434602
2.0,225,409.197735
2.0,225,501.823426
2.0,225,602.5416
2.0,225,704.172543
12.0,225,804.452899
2.0,225,896.073684
0.0,225,996.491338
