#{"t_start": 1568525992.50126, "env_id": "DeepmindLabNavMazeStatic01-v0"}
r,l,t
13.0,225,104.809552
0.0,225,206.479367
3.0,225,307.410412
2.0,225,409.187575
0.0,225,501.80784
2.0,225,602.529254
2.0,225,704.150798
3.0,225,804.439639
2.0,225,896.062368
11.0,225,996.477512
