#{"t_start": 1568525992.5198147, "env_id": "DeepmindLabNavMazeStatic01-v0"}
r,l,t
12.0,225,104.831677
3.0,225,206.455412
2.0,225,307.416676
3.0,225,409.177945
1.0,225,501.750895
2.0,225,602.508626
4.0,225,704.141505
0.0,225,804.422107
0.0,225,896.046015
0.0,225,996.457532
