#{"t_start": 1568525992.5339794, "env_id": "DeepmindLabNavMazeStatic01-v0"}
r,l,t
13.0,225,104.783606
3.0,225,206.462084
3.0,225,307.371589
3.0,225,409.163505
2.0,225,501.758231
1.0,225,602.496557
11.0,225,704.135071
0.0,225,804.40426
2.0,225,896.031322
0.0,225,996.442839
