#{"t_start": 1568525992.552876, "env_id": "DeepmindLabNavMazeStatic01-v0"}
r,l,t
13.0,225,104.774493
2.0,225,206.448132
1.0,225,307.381854
2.0,225,409.151426
1.0,225,501.660807
1.0,225,602.484943
3.0,225,704.122463
2.0,225,804.400585
2.0,225,896.024826
12.0,225,996.437793
