#{"t_start": 1568525992.5685995, "env_id": "DeepmindLabNavMazeStatic01-v0"}
r,l,t
1.0,225,104.899999
2.0,225,206.432574
12.0,225,307.340845
2.0,225,409.13388
2.0,225,501.620574
3.0,225,602.475123
0.0,225,704.107643
3.0,225,804.386144
3.0,225,896.003362
1.0,225,996.423486
