#{"t_start": 1568525992.5837033, "env_id": "DeepmindLabNavMazeStatic01-v0"}
r,l,t
2.0,225,104.928911
3.0,225,206.420111
3.0,225,307.371434
4.0,225,409.124258
3.0,225,501.568488
0.0,225,602.460153
1.0,225,704.0934
0.0,225,804.372312
10.0,225,895.994138
0.0,225,996.411787
