#{"t_start": 1568525992.5990975, "env_id": "DeepmindLabNavMazeStatic01-v0"}
r,l,t
2.0,225,104.70331
1.0,225,206.408235
1.0,225,307.372925
2.0,225,409.113357
3.0,225,501.683957
2.0,225,602.441998
2.0,225,704.077117
3.0,225,804.35427
2.0,225,895.978928
2.0,225,996.402493
