#{"t_start": 1568525992.616931, "env_id": "DeepmindLabNavMazeStatic01-v0"}
r,l,t
12.0,225,104.703163
2.0,225,206.386849
2.0,225,307.335429
1.0,225,409.110003
3.0,225,501.628188
3.0,225,602.432808
3.0,225,704.063162
1.0,225,804.344775
2.0,225,895.968069
3.0,225,996.383928
