#{"t_start": 1568525992.6341805, "env_id": "DeepmindLabNavMazeStatic01-v0"}
r,l,t
13.0,225,104.773793
2.0,225,206.368831
2.0,225,307.243683
0.0,225,409.078542
1.0,225,501.63729
0.0,225,602.419433
2.0,225,704.041055
2.0,225,804.332269
2.0,225,895.952601
1.0,225,996.365537
