#{"t_start": 1568525992.6463025, "env_id": "DeepmindLabNavMazeStatic01-v0"}
r,l,t
2.0,225,104.664065
3.0,225,206.376472
0.0,225,307.240969
2.0,225,409.072818
3.0,225,501.63635
2.0,225,602.410725
3.0,225,704.038317
2.0,225,804.322506
0.0,225,895.94175
4.0,225,996.355582
