#{"t_start": 1568525992.6657686, "env_id": "DeepmindLabNavMazeStatic01-v0"}
r,l,t
2.0,225,104.659349
1.0,225,206.352173
0.0,225,307.20458
1.0,225,409.058695
1.0,225,501.612686
3.0,225,602.396631
3.0,225,704.027109
0.0,225,804.304404
0.0,225,895.9205
2.0,225,996.341262
