#{"t_start": 1568525992.682147, "env_id": "DeepmindLabNavMazeStatic01-v0"}
r,l,t
3.0,225,104.682059
3.0,225,206.341267
2.0,225,307.194074
2.0,225,409.056433
2.0,225,501.485304
0.0,225,602.376265
2.0,225,704.00363
2.0,225,804.287963
2.0,225,895.908812
3.0,225,996.332391
