#{"t_start": 1568525992.6944928, "env_id": "DeepmindLabNavMazeStatic01-v0"}
r,l,t
0.0,225,104.682031
4.0,225,206.328786
2.0,225,307.229351
0.0,225,409.036139
0.0,225,501.453414
3.0,225,602.377033
2.0,225,703.999635
11.0,225,804.290857
2.0,225,895.905812
2.0,225,996.320451
