#{"t_start": 1568525992.7142408, "env_id": "DeepmindLabNavMazeStatic01-v0"}
r,l,t
1.0,225,104.719114
2.0,225,206.312056
12.0,225,307.205859
3.0,225,409.01907
14.0,225,501.562711
1.0,225,602.362516
1.0,225,703.983757
0.0,225,804.265264
2.0,225,895.898887
1.0,225,996.299169
