#{"t_start": 1568525992.7330859, "env_id": "DeepmindLabNavMazeStatic01-v0"}
r,l,t
12.0,225,104.654295
0.0,225,206.292374
2.0,225,307.176673
2.0,225,409.004017
11.0,225,501.55016
1.0,225,602.343859
0.0,225,703.967754
1.0,225,804.243261
1.0,225,895.874943
3.0,225,996.288302
