#{"t_start": 1568525992.7461085, "env_id": "DeepmindLabNavMazeStatic01-v0"}
r,l,t
2.0,225,104.63215
0.0,225,206.275869
2.0,225,307.097042
10.0,225,408.972096
1.0,225,501.413168
1.0,225,602.325419
3.0,225,703.970937
0.0,225,804.239753
11.0,225,895.866319
0.0,225,996.275131
