#{"t_start": 1568525992.7651997, "env_id": "DeepmindLabNavMazeStatic01-v0"}
r,l,t
13.0,225,104.609026
3.0,225,206.272209
11.0,225,307.065521
2.0,225,408.96323
1.0,225,501.536339
3.0,225,602.310054
2.0,225,703.952734
0.0,225,804.218986
2.0,225,895.851129
3.0,225,996.266186
