#{"t_start": 1568525992.7815917, "env_id": "DeepmindLabNavMazeStatic01-v0"}
r,l,t
13.0,225,104.609367
3.0,225,206.263988
2.0,225,307.050021
3.0,225,408.966574
1.0,225,501.510095
3.0,225,602.29629
2.0,225,703.937299
0.0,225,804.211494
14.0,225,895.841599
2.0,225,996.245617
