#{"t_start": 1568525992.795728, "env_id": "DeepmindLabNavMazeStatic01-v0"}
r,l,t
2.0,225,104.611987
1.0,225,206.274293
2.0,225,307.040593
2.0,225,408.949372
2.0,225,501.44091
2.0,225,602.288881
10.0,225,703.92168
0.0,225,804.197993
0.0,225,895.824919
3.0,225,996.238888
