#{"t_start": 1568525992.8127615, "env_id": "DeepmindLabNavMazeStatic01-v0"}
r,l,t
1.0,225,104.597169
1.0,225,206.230217
1.0,225,307.032578
2.0,225,408.941964
3.0,225,501.455756
3.0,225,602.269804
0.0,225,703.90718
3.0,225,804.186647
3.0,225,895.81093
2.0,225,996.229628
