#{"t_start": 1568525992.8294332, "env_id": "DeepmindLabNavMazeStatic01-v0"}
r,l,t
13.0,225,104.613115
3.0,225,206.229974
0.0,225,306.986948
1.0,225,408.925471
3.0,225,501.449297
2.0,225,602.257579
3.0,225,703.889104
1.0,225,804.173342
2.0,225,895.796047
3.0,225,996.217412
