#{"t_start": 1568525992.8474627, "env_id": "DeepmindLabNavMazeStatic01-v0"}
r,l,t
2.0,225,104.587179
2.0,225,206.226154
1.0,225,307.104686
2.0,225,408.91905
0.0,225,501.437748
0.0,225,602.240486
12.0,225,703.892968
0.0,225,804.152039
3.0,225,895.779411
3.0,225,996.196127
