#{"t_start": 1568525992.8884294, "env_id": "DeepmindLabNavMazeStatic01-v0"}
r,l,t
2.0,225,104.548278
5.0,225,206.206116
3.0,225,307.099934
2.0,225,408.869507
1.0,225,501.378711
2.0,225,602.206611
3.0,225,703.833921
3.0,225,804.122003
1.0,225,895.744003
2.0,225,996.15612
