#{"t_start": 1568525992.904678, "env_id": "DeepmindLabNavMazeStatic01-v0"}
r,l,t
13.0,225,104.638896
0.0,225,206.253488
1.0,225,307.081038
2.0,225,408.851244
3.0,225,501.323191
1.0,225,602.192599
3.0,225,703.820565
2.0,225,804.104316
0.0,225,895.720027
1.0,225,996.140087
