#{"t_start": 1568525992.924337, "env_id": "DeepmindLabNavMazeStatic01-v0"}
r,l,t
2.0,225,104.517711
3.0,225,206.210592
1.0,225,307.020686
2.0,225,408.842068
2.0,225,501.324812
0.0,225,602.177459
0.0,225,703.800866
0.0,225,804.084439
0.0,225,895.704322
0.0,225,996.132466
