#{"t_start": 1568525992.9392242, "env_id": "DeepmindLabNavMazeStatic01-v0"}
r,l,t
11.0,225,104.552629
10.0,225,206.170025
2.0,225,307.043576
13.0,225,408.831872
2.0,225,501.32878
3.0,225,602.166272
0.0,225,703.791885
22.0,225,804.081727
2.0,225,895.703629
4.0,225,996.113208
