#{"t_start": 1568525992.9562948, "env_id": "DeepmindLabNavMazeStatic01-v0"}
r,l,t
13.0,225,104.60233
0.0,225,206.158844
3.0,225,307.047556
2.0,225,408.813006
1.0,225,501.240101
2.0,225,602.149208
1.0,225,703.789845
12.0,225,804.062436
3.0,225,895.687621
0.0,225,996.093658
