#{"t_start": 1568525992.9702294, "env_id": "DeepmindLabNavMazeStatic01-v0"}
r,l,t
1.0,225,104.539595
3.0,225,206.108853
1.0,225,306.99804
0.0,225,408.805365
2.0,225,501.318613
4.0,225,602.139529
0.0,225,703.771168
0.0,225,804.053003
1.0,225,895.680079
3.0,225,996.09478
