#{"t_start": 1568525992.9895315, "env_id": "DeepmindLabNavMazeStatic01-v0"}
r,l,t
12.0,225,104.539781
0.0,225,206.162942
2.0,225,306.978438
2.0,225,408.787788
0.0,225,501.290082
3.0,225,602.12873
11.0,225,703.811875
3.0,225,804.036513
3.0,225,895.667718
1.0,225,996.075894
