#{"t_start": 1568525993.0031369, "env_id": "DeepmindLabNavMazeStatic01-v0"}
r,l,t
13.0,225,104.46904
11.0,225,206.143328
1.0,225,306.966367
2.0,225,408.771662
3.0,225,501.199448
3.0,225,602.115074
1.0,225,703.740931
3.0,225,804.103939
0.0,225,895.657612
3.0,225,996.068566
