#{"t_start": 1568525993.019755, "env_id": "DeepmindLabNavMazeStatic01-v0"}
r,l,t
12.0,225,104.467746
0.0,225,206.104536
3.0,225,306.935342
0.0,225,408.767056
0.0,225,501.214375
3.0,225,602.105008
3.0,225,703.797137
3.0,225,804.018597
0.0,225,895.638279
0.0,225,996.050385
