#{"t_start": 1568525993.0381894, "env_id": "DeepmindLabNavMazeStatic01-v0"}
r,l,t
2.0,225,104.522345
2.0,225,206.090781
2.0,225,306.91783
2.0,225,408.759894
2.0,225,501.113143
2.0,225,602.088667
2.0,225,703.727127
2.0,225,804.00877
0.0,225,895.622272
1.0,225,996.035698
